scenario,world_seed,agent_seed,strategy,n_channels,n_slots,slot_duration_s,total_scans,total_detections,true_positive_scans,false_positive_scans,on_target_scans,redundant_scans,n_activity_intervals,n_detected_intervals,n_missed_intervals,n_missed_never_scanned,n_missed_detector,n_censored_intervals,detection_rate,missed_detection_rate,on_target_scan_rate,scan_efficiency,redundant_scan_rate,mean_detection_delay_slots,median_detection_delay_slots,max_detection_delay_slots,time_to_first_detection_slots,emerging_discovery_delay_slots,emerging_discovery_censored,channels_covered,channel_coverage,coverage_time_slots,mean_decision_latency_ms,mean_detection_delay_s,time_to_first_detection_s,emerging_discovery_delay_s,noise_tier
normal_noise_low,0,0,sequential,12,800,0.1,800,73,61,12,62,0,63,36,27,27,0,0,0.5714285714285714,0.42857142857142855,0.0775,0.07625,0.0,5.277777777777778,5.0,20,2,,False,12,1.0,11,0.0002499999027349986,0.5277777777777778,0.2,,low
normal_noise_low,0,0,random,12,800,0.1,800,60,49,11,50,246,63,27,36,36,0,0,0.42857142857142855,0.5714285714285714,0.0625,0.06125,0.3075,6.074074074074074,5.0,17,8,,False,12,1.0,38,0.0019402502948651088,0.6074074074074075,0.8,,low
normal_noise_low,0,0,heuristic,12,800,0.1,800,370,360,10,371,247,63,23,40,40,0,0,0.36507936507936506,0.6349206349206349,0.46375,0.45,0.30875,0.782608695652174,0.0,9,3,,False,12,1.0,14,0.004981999627489131,0.0782608695652174,0.30000000000000004,,low
normal_noise_low,0,0,adaptive,12,800,0.1,800,361,351,10,362,94,63,34,29,28,1,1,0.5396825396825397,0.4603174603174603,0.4525,0.43875,0.1175,3.411764705882353,2.5,11,2,,False,12,1.0,11,1.114751874411013,0.3411764705882353,0.2,,low
normal_noise_low,1,1,sequential,12,800,0.1,800,83,63,20,63,0,63,37,26,26,0,0,0.5873015873015873,0.4126984126984127,0.07875,0.07875,0.0,4.216216216216216,5.0,9,2,,False,12,1.0,11,0.00025837452994892374,0.4216216216216216,0.2,,low
normal_noise_low,1,1,random,12,800,0.1,800,77,58,19,61,254,63,30,33,31,2,1,0.47619047619047616,0.5238095238095238,0.07625,0.0725,0.3175,5.166666666666667,3.0,24,8,,False,12,1.0,48,0.0019582487584557384,0.5166666666666667,0.8,,low
normal_noise_low,1,1,heuristic,12,800,0.1,800,305,295,10,303,317,63,21,42,42,0,0,0.3333333333333333,0.6666666666666666,0.37875,0.36875,0.39625,3.4285714285714284,0.0,46,2,,False,12,1.0,11,0.005082249372208025,0.34285714285714286,0.2,,low
normal_noise_low,1,1,adaptive,12,800,0.1,800,320,309,11,318,118,63,32,31,31,0,0,0.5079365079365079,0.49206349206349204,0.3975,0.38625,0.1475,3.40625,2.0,11,2,,False,12,1.0,11,1.094421375200909,0.340625,0.2,,low
normal_noise_low,2,2,sequential,12,800,0.1,800,72,57,15,58,0,62,37,25,24,1,0,0.5967741935483871,0.4032258064516129,0.0725,0.07125,0.0,4.837837837837838,4.0,11,5,,False,12,1.0,11,0.0002453748311381787,0.4837837837837838,0.5,,low
normal_noise_low,2,2,random,12,800,0.1,800,71,54,17,54,252,62,26,36,36,0,0,0.41935483870967744,0.5806451612903226,0.0675,0.0675,0.315,3.730769230769231,2.0,15,6,,False,12,1.0,16,0.001789500420272816,0.3730769230769231,0.6000000000000001,,low
normal_noise_low,2,2,heuristic,12,800,0.1,800,222,211,11,217,377,62,29,33,33,0,0,0.46774193548387094,0.532258064516129,0.27125,0.26375,0.47125,1.896551724137931,0.0,41,5,,False,12,1.0,11,0.004946875014866237,0.18965517241379312,0.5,,low
normal_noise_low,2,2,adaptive,12,800,0.1,800,318,310,8,317,116,62,26,36,36,0,0,0.41935483870967744,0.5806451612903226,0.39625,0.3875,0.145,3.6923076923076925,2.0,18,5,,False,12,1.0,11,1.0917889995471342,0.36923076923076925,0.5,,low
normal_noise_low,3,3,sequential,12,800,0.1,800,76,54,22,54,0,62,38,24,24,0,0,0.6129032258064516,0.3870967741935484,0.0675,0.0675,0.0,5.026315789473684,5.0,11,2,,False,12,1.0,11,0.00032899988582357764,0.5026315789473684,0.2,,low
normal_noise_low,3,3,random,12,800,0.1,800,69,47,22,48,246,62,24,38,38,0,0,0.3870967741935484,0.6129032258064516,0.06,0.05875,0.3075,4.125,4.0,14,2,,False,12,1.0,31,0.0018571252076071687,0.41250000000000003,0.2,,low
normal_noise_low,3,3,heuristic,12,800,0.1,800,297,281,16,287,296,62,25,37,37,0,0,0.4032258064516129,0.5967741935483871,0.35875,0.35125,0.37,1.56,0.0,12,0,,False,12,1.0,12,0.004914500386803411,0.15600000000000003,0.0,,low
normal_noise_low,3,3,adaptive,12,800,0.1,800,280,263,17,273,104,62,32,30,30,0,0,0.5161290322580645,0.4838709677419355,0.34125,0.32875,0.13,3.03125,2.0,14,2,,False,12,1.0,11,1.136494625316118,0.30312500000000003,0.2,,low
normal_noise_low,4,4,sequential,12,800,0.1,800,79,60,19,63,0,62,36,26,25,1,0,0.5806451612903226,0.41935483870967744,0.07875,0.075,0.0,4.972222222222222,5.0,17,5,,False,12,1.0,11,0.00026950063329422846,0.49722222222222223,0.5,,low
normal_noise_low,4,4,random,12,800,0.1,800,63,48,15,49,249,62,27,35,34,1,1,0.43548387096774194,0.5645161290322581,0.06125,0.06,0.31125,7.111111111111111,5.0,29,8,,False,12,1.0,26,0.0018792494665831327,0.7111111111111111,0.8,,low
normal_noise_low,4,4,heuristic,12,800,0.1,800,267,259,8,264,355,62,19,43,42,1,0,0.3064516129032258,0.6935483870967742,0.33,0.32375,0.44375,4.7368421052631575,0.0,85,3,,False,12,1.0,11,0.00503237472003093,0.47368421052631576,0.30000000000000004,,low
normal_noise_low,4,4,adaptive,12,800,0.1,800,308,300,8,308,119,62,28,34,32,2,0,0.45161290322580644,0.5483870967741935,0.385,0.375,0.14875,4.821428571428571,3.0,22,5,,False,12,1.0,11,1.1375225002484513,0.48214285714285715,0.5,,low
normal_noise_low,5,5,sequential,12,800,0.1,800,68,52,16,52,0,57,31,26,26,0,1,0.543859649122807,0.45614035087719296,0.065,0.065,0.0,4.290322580645161,4.0,11,5,,False,12,1.0,11,0.00024412547645624727,0.4290322580645161,0.5,,low
normal_noise_low,5,5,random,12,800,0.1,800,55,40,15,41,240,57,19,38,37,1,0,0.3333333333333333,0.6666666666666666,0.05125,0.05,0.3,5.947368421052632,4.0,24,4,,False,12,1.0,29,0.0019048752801609226,0.5947368421052632,0.4,,low
normal_noise_low,5,5,heuristic,12,800,0.1,800,222,210,12,212,384,57,22,35,34,1,1,0.38596491228070173,0.6140350877192983,0.265,0.2625,0.48,5.136363636363637,0.0,75,8,,False,12,1.0,14,0.004918250306218397,0.5136363636363637,0.8,,low
normal_noise_low,5,5,adaptive,12,800,0.1,800,307,298,9,303,95,57,31,26,26,0,0,0.543859649122807,0.45614035087719296,0.37875,0.3725,0.11875,3.6774193548387095,3.0,13,5,,False,12,1.0,11,1.085698999959277,0.36774193548387096,0.5,,low
normal_noise_low,6,6,sequential,12,800,0.1,800,76,66,10,68,0,69,36,33,32,1,0,0.5217391304347826,0.4782608695652174,0.085,0.0825,0.0,4.527777777777778,5.0,11,2,,False,12,1.0,11,0.00024324985133716834,0.4527777777777778,0.2,,low
normal_noise_low,6,6,random,12,800,0.1,800,80,61,19,62,250,69,29,40,40,0,1,0.42028985507246375,0.5797101449275363,0.0775,0.07625,0.3125,4.758620689655173,1.0,36,0,,False,12,1.0,22,0.0018072495731757954,0.4758620689655173,0.0,,low
normal_noise_low,6,6,heuristic,12,800,0.1,800,404,393,11,403,223,69,22,47,47,0,0,0.3188405797101449,0.6811594202898551,0.50375,0.49125,0.27875,1.3181818181818181,0.0,15,2,,False,12,1.0,12,0.004865874543611426,0.1318181818181818,0.2,,low
normal_noise_low,6,6,adaptive,12,800,0.1,800,374,361,13,372,86,69,33,36,36,0,0,0.4782608695652174,0.5217391304347826,0.465,0.45125,0.1075,2.3636363636363638,2.0,13,2,,False,12,1.0,11,1.09968637523707,0.2363636363636364,0.2,,low
normal_noise_low,7,7,sequential,12,800,0.1,800,77,62,15,64,0,58,36,22,22,0,0,0.6206896551724138,0.3793103448275862,0.08,0.0775,0.0,4.166666666666667,4.0,16,2,,False,12,1.0,11,0.0002465003854013048,0.41666666666666674,0.2,,low
normal_noise_low,7,7,random,12,800,0.1,800,76,58,18,60,251,58,26,32,32,0,0,0.4482758620689655,0.5517241379310345,0.075,0.0725,0.31375,5.538461538461538,4.0,24,7,,False,12,1.0,22,0.0018588750390335917,0.5538461538461539,0.7000000000000001,,low
normal_noise_low,7,7,heuristic,12,800,0.1,800,227,213,14,229,373,58,26,32,32,0,0,0.4482758620689655,0.5517241379310345,0.28625,0.26625,0.46625,4.6923076923076925,0.0,42,2,,False,12,1.0,12,0.0049608750123297796,0.4692307692307693,0.2,,low
normal_noise_low,7,7,adaptive,12,800,0.1,800,338,330,8,346,91,58,28,30,30,0,0,0.4827586206896552,0.5172413793103449,0.4325,0.4125,0.11375,2.0357142857142856,1.0,11,2,,False,12,1.0,11,1.152110500006529,0.20357142857142857,0.2,,low
normal_noise_low,8,8,sequential,12,800,0.1,800,87,61,26,62,0,65,38,27,27,0,0,0.5846153846153846,0.4153846153846154,0.0775,0.07625,0.0,5.2105263157894735,5.0,14,2,,False,12,1.0,11,0.00025724955776240677,0.5210526315789473,0.2,,low
normal_noise_low,8,8,random,12,800,0.1,800,71,52,19,53,258,65,29,36,36,0,0,0.4461538461538462,0.5538461538461539,0.06625,0.065,0.3225,7.517241379310345,5.0,28,2,,False,12,1.0,17,0.002000874519580975,0.7517241379310345,0.2,,low
normal_noise_low,8,8,heuristic,12,800,0.1,800,375,365,10,376,227,65,28,37,37,0,0,0.4307692307692308,0.5692307692307692,0.47,0.45625,0.28375,1.75,0.0,16,2,,False,12,1.0,11,0.0051108748448314145,0.17500000000000002,0.2,,low
normal_noise_low,8,8,adaptive,12,800,0.1,800,360,354,6,363,96,65,34,31,31,0,0,0.5230769230769231,0.47692307692307695,0.45375,0.4425,0.12,2.2941176470588234,2.0,10,2,,False,12,1.0,11,1.1110019997067866,0.22941176470588234,0.2,,low
normal_noise_low,9,9,sequential,12,800,0.1,800,75,57,18,58,0,62,33,29,28,1,1,0.532258064516129,0.46774193548387094,0.0725,0.07125,0.0,4.212121212121212,5.0,11,17,,False,12,1.0,11,0.00023549979232484475,0.4212121212121212,1.7000000000000002,,low
normal_noise_low,9,9,random,12,800,0.1,800,79,59,20,63,260,62,27,35,34,1,1,0.43548387096774194,0.5645161290322581,0.07875,0.07375,0.325,5.296296296296297,5.0,21,0,,False,12,1.0,46,0.0018523749895393848,0.5296296296296297,0.0,,low
normal_noise_low,9,9,heuristic,12,800,0.1,800,357,341,16,350,272,62,16,46,45,1,0,0.25806451612903225,0.7419354838709677,0.4375,0.42625,0.34,0.4375,0.0,6,10,,False,12,1.0,13,0.004901249485556036,0.043750000000000004,1.0,,low
normal_noise_low,9,9,adaptive,12,800,0.1,800,337,329,8,339,102,62,30,32,31,1,0,0.4838709677419355,0.5161290322580645,0.42375,0.41125,0.1275,3.066666666666667,1.0,17,12,,False,12,1.0,11,1.1195095007133204,0.3066666666666667,1.2000000000000002,,low
normal_noise_low,10,10,sequential,12,800,0.1,800,71,54,17,58,0,51,29,22,21,1,0,0.5686274509803921,0.43137254901960786,0.0725,0.0675,0.0,3.689655172413793,4.0,17,2,,False,12,1.0,11,0.00026800029445439577,0.3689655172413793,0.2,,low
normal_noise_low,10,10,random,12,800,0.1,800,73,55,18,57,237,51,26,25,23,2,0,0.5098039215686274,0.49019607843137253,0.07125,0.06875,0.29625,4.0,2.0,19,3,,False,12,1.0,44,0.00187587458640337,0.4,0.30000000000000004,,low
normal_noise_low,10,10,heuristic,12,800,0.1,800,299,286,13,295,320,51,17,34,34,0,0,0.3333333333333333,0.6666666666666666,0.36875,0.3575,0.4,1.2352941176470589,0.0,8,2,,False,12,1.0,11,0.005016624418203719,0.12352941176470589,0.2,,low
normal_noise_low,10,10,adaptive,12,800,0.1,800,340,323,17,329,102,51,26,25,25,0,0,0.5098039215686274,0.49019607843137253,0.41125,0.40375,0.1275,2.6538461538461537,1.5,11,2,,False,12,1.0,11,1.148351625270152,0.2653846153846154,0.2,,low
normal_noise_low,11,11,sequential,12,800,0.1,800,75,56,19,56,0,64,36,28,28,0,0,0.5625,0.4375,0.07,0.07,0.0,3.5833333333333335,4.0,9,2,,False,12,1.0,11,0.0002558754204073921,0.3583333333333334,0.2,,low
normal_noise_low,11,11,random,12,800,0.1,800,60,48,12,48,256,64,27,37,37,0,0,0.421875,0.578125,0.06,0.06,0.32,4.555555555555555,2.0,20,3,,False,12,1.0,32,0.0019468749815132471,0.45555555555555555,0.30000000000000004,,low
normal_noise_low,11,11,heuristic,12,800,0.1,800,205,194,11,200,387,64,30,34,34,0,0,0.46875,0.53125,0.25,0.2425,0.48375,1.3333333333333333,0.0,21,2,,False,12,1.0,12,0.005452375917229801,0.13333333333333333,0.2,,low
normal_noise_low,11,11,adaptive,12,800,0.1,800,286,275,11,282,95,64,35,29,29,0,0,0.546875,0.453125,0.3525,0.34375,0.11875,3.257142857142857,3.0,16,2,,False,12,1.0,11,1.163437250215793,0.32571428571428573,0.2,,low
normal_noise_low,12,12,sequential,12,800,0.1,800,74,58,16,63,0,57,35,22,20,2,0,0.6140350877192983,0.38596491228070173,0.07875,0.0725,0.0,4.085714285714285,4.0,11,5,,False,12,1.0,11,0.0002580000727903098,0.4085714285714286,0.5,,low
normal_noise_low,12,12,random,12,800,0.1,800,71,53,18,54,239,57,26,31,31,0,0,0.45614035087719296,0.543859649122807,0.0675,0.06625,0.29875,3.923076923076923,3.5,21,10,,False,12,1.0,20,0.0019398749282117933,0.3923076923076923,1.0,,low
normal_noise_low,12,12,heuristic,12,800,0.1,800,305,293,12,300,287,57,19,38,38,0,0,0.3333333333333333,0.6666666666666666,0.375,0.36625,0.35875,4.2105263157894735,0.0,62,5,,False,12,1.0,12,0.005110000493004918,0.42105263157894735,0.5,,low
normal_noise_low,12,12,adaptive,12,800,0.1,800,332,323,9,340,90,57,29,28,28,0,0,0.5087719298245614,0.49122807017543857,0.425,0.40375,0.1125,3.310344827586207,2.0,21,5,,False,12,1.0,11,1.165579250009614,0.3310344827586207,0.5,,low
normal_noise_low,13,13,sequential,12,800,0.1,800,74,60,14,62,0,61,36,25,24,1,0,0.5901639344262295,0.4098360655737705,0.0775,0.075,0.0,5.0,5.0,11,5,,False,12,1.0,11,0.0002636255157995038,0.5,0.5,,low
normal_noise_low,13,13,random,12,800,0.1,800,61,42,19,44,249,61,22,39,38,1,0,0.36065573770491804,0.639344262295082,0.055,0.0525,0.31125,4.0,1.5,20,23,,False,12,1.0,33,0.0019392498870729467,0.4,2.3000000000000003,,low
normal_noise_low,13,13,heuristic,12,800,0.1,800,213,199,14,209,379,61,21,40,40,0,0,0.3442622950819672,0.6557377049180327,0.26125,0.24875,0.47375,4.523809523809524,0.0,69,7,,False,12,1.0,12,0.0051721248382818885,0.4523809523809524,0.7000000000000001,,low
normal_noise_low,13,13,adaptive,12,800,0.1,800,339,335,4,346,111,61,27,34,34,0,0,0.4426229508196721,0.5573770491803278,0.4325,0.41875,0.13875,3.6666666666666665,3.0,16,5,,False,12,1.0,11,1.1622704996989341,0.3666666666666667,0.5,,low
normal_noise_low,14,14,sequential,12,800,0.1,800,74,68,6,69,0,57,34,23,22,1,0,0.5964912280701754,0.40350877192982454,0.08625,0.085,0.0,3.735294117647059,4.0,10,2,,False,12,1.0,11,0.0002712494460865855,0.3735294117647059,0.2,,low
normal_noise_low,14,14,random,12,800,0.1,800,84,69,15,69,243,57,30,27,27,0,0,0.5263157894736842,0.47368421052631576,0.08625,0.08625,0.30375,4.133333333333334,3.5,17,17,,False,12,1.0,39,0.0019623753541964106,0.4133333333333334,1.7000000000000002,,low
normal_noise_low,14,14,heuristic,12,800,0.1,800,439,428,11,445,169,57,22,35,35,0,0,0.38596491228070173,0.6140350877192983,0.55625,0.535,0.21125,1.2727272727272727,0.0,7,2,,False,12,1.0,12,0.004767250175063964,0.1272727272727273,0.2,,low
normal_noise_low,14,14,adaptive,12,800,0.1,800,386,375,11,386,85,57,30,27,27,0,0,0.5263157894736842,0.47368421052631576,0.4825,0.46875,0.10625,3.0,2.0,17,2,,False,12,1.0,11,1.122467124441755,0.30000000000000004,0.2,,low
normal_noise_low,15,15,sequential,12,800,0.1,800,77,60,17,62,0,57,34,23,21,2,0,0.5964912280701754,0.40350877192982454,0.0775,0.075,0.0,3.8823529411764706,3.0,11,2,,False,12,1.0,11,0.00023537479137303308,0.38823529411764707,0.2,,low
normal_noise_low,15,15,random,12,800,0.1,800,64,51,13,53,242,57,23,34,33,1,0,0.40350877192982454,0.5964912280701754,0.06625,0.06375,0.3025,5.130434782608695,3.0,18,6,,False,12,1.0,38,0.001794624658941757,0.5130434782608696,0.6000000000000001,,low
normal_noise_low,15,15,heuristic,12,800,0.1,800,329,321,8,333,281,57,20,37,37,0,0,0.3508771929824561,0.6491228070175439,0.41625,0.40125,0.35125,0.45,0.0,6,2,,False,12,1.0,11,0.004771499880007468,0.045000000000000005,0.2,,low
normal_noise_low,15,15,adaptive,12,800,0.1,800,323,312,11,323,96,57,29,28,28,0,0,0.5087719298245614,0.49122807017543857,0.40375,0.39,0.12,2.9310344827586206,1.0,21,2,,False,12,1.0,11,1.1200664999705623,0.29310344827586204,0.2,,low
normal_noise_low,16,16,sequential,12,800,0.1,800,75,59,16,60,0,59,35,24,24,0,0,0.5932203389830508,0.4067796610169492,0.075,0.07375,0.0,4.285714285714286,4.0,13,2,,False,12,1.0,11,0.0002388750363024883,0.4285714285714286,0.2,,low
normal_noise_low,16,16,random,12,800,0.1,800,66,50,16,50,247,59,26,33,33,0,0,0.4406779661016949,0.559322033898305,0.0625,0.0625,0.30875,6.884615384615385,3.0,46,3,,False,12,1.0,29,0.0018204993102699518,0.6884615384615386,0.30000000000000004,,low
normal_noise_low,16,16,heuristic,12,800,0.1,800,217,204,13,211,391,59,25,34,34,0,0,0.423728813559322,0.576271186440678,0.26375,0.255,0.48875,4.16,0.0,53,3,,False,12,1.0,12,0.004902499204035848,0.41600000000000004,0.30000000000000004,,low
normal_noise_low,16,16,adaptive,12,800,0.1,800,326,314,12,325,98,59,33,26,26,0,0,0.559322033898305,0.4406779661016949,0.40625,0.3925,0.1225,2.606060606060606,2.0,11,2,,False,12,1.0,11,1.1243566256234772,0.2606060606060606,0.2,,low
normal_noise_low,17,17,sequential,12,800,0.1,800,85,69,16,74,0,71,44,27,26,1,0,0.6197183098591549,0.38028169014084506,0.0925,0.08625,0.0,4.909090909090909,4.0,23,5,,False,12,1.0,11,0.0002561249493737705,0.49090909090909096,0.5,,low
normal_noise_low,17,17,random,12,800,0.1,800,71,61,10,64,258,71,29,42,42,0,0,0.4084507042253521,0.5915492957746479,0.08,0.07625,0.3225,6.068965517241379,5.0,21,4,,False,12,1.0,27,0.0018682510199141689,0.6068965517241379,0.4,,low
normal_noise_low,17,17,heuristic,12,800,0.1,800,391,384,7,391,229,71,24,47,47,0,0,0.3380281690140845,0.6619718309859155,0.48875,0.48,0.28625,2.0833333333333335,0.0,36,5,,False,12,1.0,13,0.00497687520692125,0.20833333333333337,0.5,,low
normal_noise_low,17,17,adaptive,12,800,0.1,800,375,363,12,370,79,71,38,33,33,0,0,0.5352112676056338,0.4647887323943662,0.4625,0.45375,0.09875,2.6052631578947367,2.0,12,5,,False,12,1.0,11,1.1302586248712032,0.26052631578947366,0.5,,low
normal_noise_low,18,18,sequential,12,800,0.1,800,78,59,19,59,0,58,35,23,23,0,0,0.603448275862069,0.39655172413793105,0.07375,0.07375,0.0,4.514285714285714,5.0,10,2,,False,12,1.0,11,0.0002548746488173492,0.45142857142857146,0.2,,low
normal_noise_low,18,18,random,12,800,0.1,800,57,41,16,41,258,58,22,36,36,0,0,0.3793103448275862,0.6206896551724138,0.05125,0.05125,0.3225,6.0,5.0,20,2,,False,12,1.0,19,0.0019019999672309496,0.6000000000000001,0.2,,low
normal_noise_low,18,18,heuristic,12,800,0.1,800,318,310,8,321,306,58,17,41,41,0,0,0.29310344827586204,0.7068965517241379,0.40125,0.3875,0.3825,1.2352941176470589,0.0,6,2,,False,12,1.0,11,0.005036250586272217,0.12352941176470589,0.2,,low
normal_noise_low,18,18,adaptive,12,800,0.1,800,329,317,12,326,103,58,33,25,25,0,0,0.5689655172413793,0.43103448275862066,0.4075,0.39625,0.12875,2.5454545454545454,2.0,15,2,,False,12,1.0,11,1.1198077504741377,0.2545454545454546,0.2,,low
normal_noise_low,19,19,sequential,12,800,0.1,800,79,66,13,69,0,58,33,25,25,0,0,0.5689655172413793,0.43103448275862066,0.08625,0.0825,0.0,4.424242424242424,4.0,11,5,,False,12,1.0,11,0.0002612496609799564,0.4424242424242424,0.5,,low
normal_noise_low,19,19,random,12,800,0.1,800,87,59,28,61,242,58,24,34,34,0,0,0.41379310344827586,0.5862068965517241,0.07625,0.07375,0.3025,7.125,6.0,20,1,,False,12,1.0,43,0.0019233748025726527,0.7125,0.1,,low
normal_noise_low,19,19,heuristic,12,800,0.1,800,390,377,13,393,240,58,15,43,43,0,0,0.25862068965517243,0.7413793103448276,0.49125,0.47125,0.3,2.2666666666666666,0.0,22,3,,False,12,1.0,11,0.004863000140176155,0.22666666666666668,0.30000000000000004,,low
normal_noise_low,19,19,adaptive,12,800,0.1,800,362,358,4,374,78,58,28,30,30,0,0,0.4827586206896552,0.5172413793103449,0.4675,0.4475,0.0975,4.5,2.5,15,5,,False,12,1.0,11,1.0964766245524515,0.45,0.5,,low
normal_noise_elevated,0,0,sequential,12,800,0.1,800,104,58,46,62,0,63,36,27,27,0,0,0.5714285714285714,0.42857142857142855,0.0775,0.0725,0.0,5.277777777777778,5.0,20,2,,False,12,1.0,11,0.0002616248093545437,0.5277777777777778,0.2,,elevated
normal_noise_elevated,0,0,random,12,800,0.1,800,89,45,44,50,226,63,25,38,36,2,0,0.3968253968253968,0.6031746031746031,0.0625,0.05625,0.2825,6.28,5.0,17,8,,False,12,1.0,38,0.0018699996144277975,0.6280000000000001,0.8,,elevated
normal_noise_elevated,0,0,heuristic,12,800,0.1,800,371,336,35,367,161,63,23,40,40,0,0,0.36507936507936506,0.6349206349206349,0.45875,0.42,0.20125,0.9130434782608695,0.0,9,3,,False,12,1.0,14,0.004886624701612163,0.09130434782608696,0.30000000000000004,,elevated
normal_noise_elevated,0,0,adaptive,12,800,0.1,800,346,318,28,348,89,63,30,33,33,0,1,0.47619047619047616,0.5238095238095238,0.435,0.3975,0.11125,3.2333333333333334,3.0,13,2,,False,12,1.0,11,1.142636375298025,0.32333333333333336,0.2,,elevated
normal_noise_elevated,1,1,sequential,12,800,0.1,800,124,60,64,63,0,63,36,27,26,1,0,0.5714285714285714,0.42857142857142855,0.07875,0.075,0.0,4.333333333333333,5.0,9,2,,False,12,1.0,11,0.00032999985705828294,0.43333333333333335,0.2,,elevated
normal_noise_elevated,1,1,random,12,800,0.1,800,105,49,56,61,232,63,27,36,31,5,1,0.42857142857142855,0.5714285714285714,0.07625,0.06125,0.29,5.925925925925926,3.0,28,8,,False,12,1.0,48,0.0019797496861428954,0.5925925925925926,0.8,,elevated
normal_noise_elevated,1,1,heuristic,12,800,0.1,800,241,201,40,214,313,63,22,41,41,0,1,0.3492063492063492,0.6507936507936508,0.2675,0.25125,0.39125,4.954545454545454,0.0,54,2,,False,12,1.0,11,0.005101999486214481,0.4954545454545454,0.2,,elevated
normal_noise_elevated,1,1,adaptive,12,800,0.1,800,339,302,37,321,103,63,32,31,30,1,0,0.5079365079365079,0.49206349206349204,0.40125,0.3775,0.12875,3.5625,2.0,22,2,,False,12,1.0,11,1.1592691248370102,0.35625,0.2,,elevated
normal_noise_elevated,2,2,sequential,12,800,0.1,800,107,53,54,58,0,62,35,27,24,3,0,0.5645161290322581,0.43548387096774194,0.0725,0.06625,0.0,4.828571428571428,4.0,11,5,,False,12,1.0,11,0.0002499999027349986,0.4828571428571429,0.5,,elevated
normal_noise_elevated,2,2,random,12,800,0.1,800,101,52,49,54,226,62,25,37,36,1,0,0.4032258064516129,0.5967741935483871,0.0675,0.065,0.2825,3.84,2.0,15,6,,False,12,1.0,16,0.0019632504336186685,0.384,0.6000000000000001,,elevated
normal_noise_elevated,2,2,heuristic,12,800,0.1,800,229,188,41,202,311,62,27,35,34,1,0,0.43548387096774194,0.5645161290322581,0.2525,0.235,0.38875,0.5925925925925926,0.0,13,5,,False,12,1.0,11,0.005125624957145192,0.05925925925925926,0.5,,elevated
normal_noise_elevated,2,2,adaptive,12,800,0.1,800,332,294,38,314,83,62,27,35,35,0,0,0.43548387096774194,0.5645161290322581,0.3925,0.3675,0.10375,3.5925925925925926,3.0,14,5,,False,12,1.0,11,1.1460739993708557,0.3592592592592593,0.5,,elevated
normal_noise_elevated,3,3,sequential,12,800,0.1,800,111,49,62,54,0,62,34,28,24,4,0,0.5483870967741935,0.45161290322580644,0.0675,0.06125,0.0,5.147058823529412,5.0,11,17,,False,12,1.0,11,0.00024437518732156605,0.5147058823529412,1.7000000000000002,,elevated
normal_noise_elevated,3,3,random,12,800,0.1,800,105,43,62,48,215,62,22,40,38,2,0,0.3548387096774194,0.6451612903225806,0.06,0.05375,0.26875,4.363636363636363,4.0,14,3,,False,12,1.0,31,0.0018515010015107691,0.43636363636363634,0.30000000000000004,,elevated
normal_noise_elevated,3,3,heuristic,12,800,0.1,800,288,246,42,272,245,62,20,42,42,0,0,0.3225806451612903,0.6774193548387096,0.34,0.3075,0.30625,1.8,0.0,12,3,,False,12,1.0,12,0.004949874310113955,0.18000000000000002,0.30000000000000004,,elevated
normal_noise_elevated,3,3,adaptive,12,800,0.1,800,283,243,40,271,86,62,29,33,32,1,0,0.46774193548387094,0.532258064516129,0.33875,0.30375,0.1075,3.3448275862068964,2.0,15,24,,False,12,1.0,11,1.1722676249337383,0.33448275862068966,2.4000000000000004,,elevated
normal_noise_elevated,4,4,sequential,12,800,0.1,800,114,54,60,63,0,62,33,29,25,4,0,0.532258064516129,0.46774193548387094,0.07875,0.0675,0.0,5.0606060606060606,5.0,17,5,,False,12,1.0,11,0.0002371249138377607,0.5060606060606061,0.5,,elevated
normal_noise_elevated,4,4,random,12,800,0.1,800,102,44,58,49,222,62,24,38,34,4,1,0.3870967741935484,0.6129032258064516,0.06125,0.055,0.2775,7.958333333333333,6.5,29,8,,False,12,1.0,26,0.0017618750644032843,0.7958333333333334,0.8,,elevated
normal_noise_elevated,4,4,heuristic,12,800,0.1,800,280,241,39,262,265,62,19,43,42,1,0,0.3064516129032258,0.6935483870967742,0.3275,0.30125,0.33125,4.894736842105263,0.0,85,3,,False,12,1.0,11,0.004955249933118466,0.4894736842105263,0.30000000000000004,,elevated
normal_noise_elevated,4,4,adaptive,12,800,0.1,800,335,306,29,331,95,62,28,34,33,1,0,0.45161290322580644,0.5483870967741935,0.41375,0.3825,0.11875,3.6785714285714284,2.0,15,5,,False,12,1.0,11,1.1196500002552057,0.3678571428571429,0.5,,elevated
normal_noise_elevated,5,5,sequential,12,800,0.1,800,101,49,52,52,0,57,30,27,26,1,1,0.5263157894736842,0.47368421052631576,0.065,0.06125,0.0,4.966666666666667,4.0,17,5,,False,12,1.0,11,0.00024187527742469683,0.4966666666666667,0.5,,elevated
normal_noise_elevated,5,5,random,12,800,0.1,800,91,34,57,41,211,57,18,39,37,2,0,0.3157894736842105,0.6842105263157895,0.05125,0.0425,0.26375,6.777777777777778,4.5,24,4,,False,12,1.0,29,0.0018503742830944248,0.6777777777777778,0.4,,elevated
normal_noise_elevated,5,5,heuristic,12,800,0.1,800,239,194,45,214,270,57,22,35,34,1,1,0.38596491228070173,0.6140350877192983,0.2675,0.2425,0.3375,5.136363636363637,0.0,75,8,,False,12,1.0,14,0.00502924965985585,0.5136363636363637,0.8,,elevated
normal_noise_elevated,5,5,adaptive,12,800,0.1,800,303,261,42,295,89,57,25,32,32,0,1,0.43859649122807015,0.5614035087719298,0.36875,0.32625,0.11125,4.4,3.0,16,5,,False,12,1.0,11,1.133251249884779,0.44000000000000006,0.5,,elevated
normal_noise_elevated,6,6,sequential,12,800,0.1,800,110,62,48,68,0,69,34,35,32,3,0,0.4927536231884058,0.5072463768115942,0.085,0.0775,0.0,4.735294117647059,4.5,18,2,,False,12,1.0,11,0.00024649994884384796,0.4735294117647059,0.2,,elevated
normal_noise_elevated,6,6,random,12,800,0.1,800,121,56,65,62,218,69,27,42,40,2,1,0.391304347826087,0.6086956521739131,0.0775,0.07,0.2725,3.7037037037037037,1.0,20,0,,False,12,1.0,22,0.0018440006533637643,0.3703703703703704,0.0,,elevated
normal_noise_elevated,6,6,heuristic,12,800,0.1,800,398,368,30,402,176,69,22,47,47,0,0,0.3188405797101449,0.6811594202898551,0.5025,0.46,0.22,1.3636363636363635,0.0,15,2,,False,12,1.0,12,0.005021124779887032,0.13636363636363635,0.2,,elevated
normal_noise_elevated,6,6,adaptive,12,800,0.1,800,369,333,36,372,66,69,29,40,39,1,0,0.42028985507246375,0.5797101449275363,0.465,0.41625,0.0825,2.6206896551724137,1.0,14,2,,False,12,1.0,11,1.1345436250485363,0.2620689655172414,0.2,,elevated
normal_noise_elevated,7,7,sequential,12,800,0.1,800,108,58,50,64,0,58,34,24,22,2,0,0.5862068965517241,0.41379310344827586,0.08,0.0725,0.0,4.264705882352941,4.0,16,2,,False,12,1.0,11,0.00024425007723039016,0.42647058823529416,0.2,,elevated
normal_noise_elevated,7,7,random,12,800,0.1,800,109,57,52,60,226,58,26,32,32,0,0,0.4482758620689655,0.5517241379310345,0.075,0.07125,0.2825,5.538461538461538,4.0,24,7,,False,12,1.0,22,0.0017706245125737041,0.5538461538461539,0.7000000000000001,,elevated
normal_noise_elevated,7,7,heuristic,12,800,0.1,800,253,204,49,229,255,58,26,32,32,0,0,0.4482758620689655,0.5517241379310345,0.28625,0.255,0.31875,4.6923076923076925,0.0,42,2,,False,12,1.0,12,0.004783750446222257,0.4692307692307693,0.2,,elevated
normal_noise_elevated,7,7,adaptive,12,800,0.1,800,331,303,28,338,84,58,28,30,28,2,0,0.4827586206896552,0.5172413793103449,0.4225,0.37875,0.105,2.5,2.0,11,2,,False,12,1.0,11,1.1392847500610515,0.25,0.2,,elevated
normal_noise_elevated,8,8,sequential,12,800,0.1,800,125,57,68,62,0,65,36,29,27,2,0,0.5538461538461539,0.4461538461538462,0.0775,0.07125,0.0,5.555555555555555,5.0,16,2,,False,12,1.0,11,0.00024537526769563556,0.5555555555555556,0.2,,elevated
normal_noise_elevated,8,8,random,12,800,0.1,800,91,47,44,53,240,65,27,38,36,2,0,0.4153846153846154,0.5846153846153846,0.06625,0.05875,0.3,7.407407407407407,4.0,28,2,,False,12,1.0,17,0.0017857505736174062,0.7407407407407408,0.2,,elevated
normal_noise_elevated,8,8,heuristic,12,800,0.1,800,364,328,36,358,164,65,29,36,34,2,0,0.4461538461538462,0.5538461538461539,0.4475,0.41,0.205,2.6206896551724137,0.0,22,2,,False,12,1.0,11,0.005012750225432683,0.2620689655172414,0.2,,elevated
normal_noise_elevated,8,8,adaptive,12,800,0.1,800,360,328,32,364,75,65,33,32,32,0,0,0.5076923076923077,0.49230769230769234,0.455,0.41,0.09375,2.787878787878788,2.0,8,2,,False,12,1.0,11,1.1331953755870927,0.2787878787878788,0.2,,elevated
normal_noise_elevated,9,9,sequential,12,800,0.1,800,108,53,55,58,0,62,30,32,28,4,1,0.4838709677419355,0.5161290322580645,0.0725,0.06625,0.0,4.1,3.5,11,17,,False,12,1.0,11,0.00023049953597364947,0.41,1.7000000000000002,,elevated
normal_noise_elevated,9,9,random,12,800,0.1,800,111,56,55,63,231,62,26,36,34,2,1,0.41935483870967744,0.5806451612903226,0.07875,0.07,0.28875,5.461538461538462,5.0,21,0,,False,12,1.0,46,0.0018016253306996077,0.5461538461538462,0.0,,elevated
normal_noise_elevated,9,9,heuristic,12,800,0.1,800,355,321,34,350,235,62,16,46,45,1,0,0.25806451612903225,0.7419354838709677,0.4375,0.40125,0.29375,0.4375,0.0,6,10,,False,12,1.0,13,0.004972249735146761,0.043750000000000004,1.0,,elevated
normal_noise_elevated,9,9,adaptive,12,800,0.1,800,350,313,37,341,82,62,31,31,29,2,0,0.5,0.5,0.42625,0.39125,0.1025,2.6451612903225805,2.0,11,12,,False,12,1.0,11,1.1091357496115961,0.2645161290322581,1.2000000000000002,,elevated
normal_noise_elevated,10,10,sequential,12,800,0.1,800,111,49,62,58,0,51,28,23,21,2,0,0.5490196078431373,0.45098039215686275,0.0725,0.06125,0.0,4.071428571428571,4.0,17,2,,False,12,1.0,11,0.00024250006390502676,0.40714285714285714,0.2,,elevated
normal_noise_elevated,10,10,random,12,800,0.1,800,101,52,49,57,220,51,25,26,23,3,0,0.49019607843137253,0.5098039215686274,0.07125,0.065,0.275,4.64,2.0,31,3,,False,12,1.0,44,0.0018363751223660074,0.46399999999999997,0.30000000000000004,,elevated
normal_noise_elevated,10,10,heuristic,12,800,0.1,800,243,187,56,208,258,51,23,28,28,0,0,0.45098039215686275,0.5490196078431373,0.26,0.23375,0.3225,1.3478260869565217,0.0,14,2,,False,12,1.0,11,0.004994374321540818,0.13478260869565217,0.2,,elevated
normal_noise_elevated,10,10,adaptive,12,800,0.1,800,322,285,37,315,102,51,26,25,24,1,0,0.5098039215686274,0.49019607843137253,0.39375,0.35625,0.1275,3.6923076923076925,2.5,12,2,,False,12,1.0,11,1.1295733744918834,0.36923076923076925,0.2,,elevated
normal_noise_elevated,11,11,sequential,12,800,0.1,800,116,53,63,56,0,64,36,28,28,0,0,0.5625,0.4375,0.07,0.06625,0.0,4.25,4.0,17,2,,False,12,1.0,11,0.00025287477910751477,0.42500000000000004,0.2,,elevated
normal_noise_elevated,11,11,random,12,800,0.1,800,92,46,46,48,234,64,27,37,37,0,0,0.421875,0.578125,0.06,0.0575,0.2925,4.555555555555555,2.0,20,3,,False,12,1.0,32,0.0018614999862620607,0.45555555555555555,0.30000000000000004,,elevated
normal_noise_elevated,11,11,heuristic,12,800,0.1,800,236,195,41,215,258,64,29,35,35,0,0,0.453125,0.546875,0.26875,0.24375,0.3225,1.6551724137931034,0.0,21,2,,False,12,1.0,12,0.004973376089765225,0.16551724137931034,0.2,,elevated
normal_noise_elevated,11,11,adaptive,12,800,0.1,800,297,261,36,282,82,64,35,29,29,0,0,0.546875,0.453125,0.3525,0.32625,0.1025,3.4,2.0,16,2,,False,12,1.0,11,1.139009999242262,0.34,0.2,,elevated
normal_noise_elevated,12,12,sequential,12,800,0.1,800,111,53,58,63,0,57,33,24,20,4,0,0.5789473684210527,0.42105263157894735,0.07875,0.06625,0.0,4.333333333333333,4.0,11,5,,False,12,1.0,11,0.00024950026272563264,0.43333333333333335,0.5,,elevated
normal_noise_elevated,12,12,random,12,800,0.1,800,112,51,61,54,215,57,25,32,31,1,0,0.43859649122807015,0.5614035087719298,0.0675,0.06375,0.26875,4.2,4.0,24,10,,False,12,1.0,20,0.001949749312188942,0.42000000000000004,1.0,,elevated
normal_noise_elevated,12,12,heuristic,12,800,0.1,800,310,275,35,296,224,57,19,38,38,0,0,0.3333333333333333,0.6666666666666666,0.37,0.34375,0.28,4.526315789473684,0.0,62,5,,False,12,1.0,12,0.005296874078339897,0.45263157894736844,0.5,,elevated
normal_noise_elevated,12,12,adaptive,12,800,0.1,800,346,311,35,349,86,57,28,29,29,0,0,0.49122807017543857,0.5087719298245614,0.43625,0.38875,0.1075,2.7142857142857144,1.5,17,5,,False,12,1.0,11,1.1668598746473435,0.27142857142857146,0.5,,elevated
normal_noise_elevated,13,13,sequential,12,800,0.1,800,108,59,49,62,0,61,35,26,24,2,0,0.5737704918032787,0.4262295081967213,0.0775,0.07375,0.0,4.9714285714285715,5.0,11,5,,False,12,1.0,11,0.00023812521249055862,0.49714285714285716,0.5,,elevated
normal_noise_elevated,13,13,random,12,800,0.1,800,99,40,59,44,221,61,22,39,38,1,0,0.36065573770491804,0.639344262295082,0.055,0.05,0.27625,4.0,1.5,20,23,,False,12,1.0,33,0.001868625040515326,0.4,2.3000000000000003,,elevated
normal_noise_elevated,13,13,heuristic,12,800,0.1,800,216,173,43,195,287,61,21,40,40,0,0,0.3442622950819672,0.6557377049180327,0.24375,0.21625,0.35875,5.285714285714286,0.0,69,7,,False,12,1.0,12,0.004937499252264388,0.5285714285714286,0.7000000000000001,,elevated
normal_noise_elevated,13,13,adaptive,12,800,0.1,800,358,326,32,355,89,61,32,29,29,0,0,0.5245901639344263,0.47540983606557374,0.44375,0.4075,0.11125,3.34375,2.0,16,5,,False,12,1.0,11,1.149552999959269,0.33437500000000003,0.5,,elevated
normal_noise_elevated,14,14,sequential,12,800,0.1,800,107,66,41,69,0,57,33,24,22,2,0,0.5789473684210527,0.42105263157894735,0.08625,0.0825,0.0,4.151515151515151,4.0,16,2,,False,12,1.0,11,0.00025162466045003384,0.41515151515151516,0.2,,elevated
normal_noise_elevated,14,14,random,12,800,0.1,800,116,66,50,69,219,57,28,29,27,2,0,0.49122807017543857,0.5087719298245614,0.08625,0.0825,0.27375,4.071428571428571,3.5,17,17,,False,12,1.0,39,0.0019391245223232545,0.40714285714285714,1.7000000000000002,,elevated
normal_noise_elevated,14,14,heuristic,12,800,0.1,800,429,397,32,437,113,57,25,32,32,0,0,0.43859649122807015,0.5614035087719298,0.54625,0.49625,0.14125,1.52,0.0,9,2,,False,12,1.0,12,0.005200875239097513,0.15200000000000002,0.2,,elevated
normal_noise_elevated,14,14,adaptive,12,800,0.1,800,408,370,38,409,61,57,31,26,26,0,0,0.543859649122807,0.45614035087719296,0.51125,0.4625,0.07625,2.161290322580645,1.0,13,2,,False,12,1.0,11,1.1493657500250265,0.2161290322580645,0.2,,elevated
normal_noise_elevated,15,15,sequential,12,800,0.1,800,114,55,59,62,0,57,33,24,21,3,0,0.5789473684210527,0.42105263157894735,0.0775,0.06875,0.0,4.03030303030303,3.0,18,2,,False,12,1.0,11,0.00025450008251937106,0.40303030303030307,0.2,,elevated
normal_noise_elevated,15,15,random,12,800,0.1,800,96,43,53,53,214,57,23,34,33,1,0,0.40350877192982454,0.5964912280701754,0.06625,0.05375,0.2675,5.260869565217392,3.0,21,6,,False,12,1.0,38,0.0018631250713951886,0.5260869565217392,0.6000000000000001,,elevated
normal_noise_elevated,15,15,heuristic,12,800,0.1,800,227,181,46,203,280,57,26,31,30,1,0,0.45614035087719296,0.543859649122807,0.25375,0.22625,0.35,5.076923076923077,0.0,86,2,,False,12,1.0,11,0.004879375010204967,0.5076923076923077,0.2,,elevated
normal_noise_elevated,15,15,adaptive,12,800,0.1,800,329,292,37,319,75,57,30,27,27,0,0,0.5263157894736842,0.47368421052631576,0.39875,0.365,0.09375,2.7,2.0,14,2,,False,12,1.0,11,1.1023637507241801,0.27,0.2,,elevated
normal_noise_elevated,16,16,sequential,12,800,0.1,800,116,58,58,60,0,59,34,25,24,1,0,0.576271186440678,0.423728813559322,0.075,0.0725,0.0,4.352941176470588,4.0,13,2,,False,12,1.0,11,0.00023187527403933927,0.43529411764705883,0.2,,elevated
normal_noise_elevated,16,16,random,12,800,0.1,800,98,50,48,50,220,59,26,33,33,0,0,0.4406779661016949,0.559322033898305,0.0625,0.0625,0.275,6.884615384615385,3.0,46,3,,False,12,1.0,29,0.0018121252651326358,0.6884615384615386,0.30000000000000004,,elevated
normal_noise_elevated,16,16,heuristic,12,800,0.1,800,239,194,45,208,285,59,25,34,34,0,0,0.423728813559322,0.576271186440678,0.26,0.2425,0.35625,4.36,1.0,53,3,,False,12,1.0,12,0.00490037531562848,0.43600000000000005,0.30000000000000004,,elevated
normal_noise_elevated,16,16,adaptive,12,800,0.1,800,310,269,41,293,94,59,30,29,29,0,0,0.5084745762711864,0.4915254237288136,0.36625,0.33625,0.1175,4.133333333333334,2.0,20,2,,False,12,1.0,11,1.1142154998742626,0.4133333333333334,0.2,,elevated
normal_noise_elevated,17,17,sequential,12,800,0.1,800,112,65,47,74,0,71,43,28,26,2,0,0.6056338028169014,0.39436619718309857,0.0925,0.08125,0.0,5.023255813953488,4.0,23,5,,False,12,1.0,11,0.00023724995116936043,0.5023255813953489,0.5,,elevated
normal_noise_elevated,17,17,random,12,800,0.1,800,109,58,51,64,225,71,28,43,42,1,0,0.39436619718309857,0.6056338028169014,0.08,0.0725,0.28125,6.678571428571429,5.5,21,4,,False,12,1.0,27,0.0017754997315932997,0.6678571428571429,0.4,,elevated
normal_noise_elevated,17,17,heuristic,12,800,0.1,800,390,363,27,391,167,71,24,47,47,0,0,0.3380281690140845,0.6619718309859155,0.48875,0.45375,0.20875,2.1666666666666665,0.0,36,5,,False,12,1.0,13,0.004748749561258592,0.21666666666666667,0.5,,elevated
normal_noise_elevated,17,17,adaptive,12,800,0.1,800,363,336,27,368,93,71,29,42,39,3,0,0.4084507042253521,0.5915492957746479,0.46,0.42,0.11625,2.5517241379310347,2.0,8,5,,False,12,1.0,11,1.1174033755378332,0.25517241379310346,0.5,,elevated
normal_noise_elevated,18,18,sequential,12,800,0.1,800,127,58,69,59,0,58,35,23,23,0,0,0.603448275862069,0.39655172413793105,0.07375,0.0725,0.0,4.514285714285714,5.0,10,2,,False,12,1.0,11,0.00024937489797594026,0.45142857142857146,0.2,,elevated
normal_noise_elevated,18,18,random,12,800,0.1,800,97,38,59,41,225,58,22,36,36,0,0,0.3793103448275862,0.6206896551724138,0.05125,0.0475,0.28125,6.0,5.0,20,2,,False,12,1.0,19,0.0018562501281849109,0.6000000000000001,0.2,,elevated
normal_noise_elevated,18,18,heuristic,12,800,0.1,800,313,282,31,314,225,58,19,39,39,0,0,0.3275862068965517,0.6724137931034483,0.3925,0.3525,0.28125,3.5789473684210527,1.0,29,2,,False,12,1.0,11,0.004977625176252332,0.35789473684210527,0.2,,elevated
normal_noise_elevated,18,18,adaptive,12,800,0.1,800,316,277,39,304,91,58,27,31,30,1,0,0.46551724137931033,0.5344827586206896,0.38,0.34625,0.11375,3.6666666666666665,3.0,15,2,,False,12,1.0,11,1.1029855010201572,0.3666666666666667,0.2,,elevated
normal_noise_elevated,19,19,sequential,12,800,0.1,800,117,62,55,69,0,58,32,26,25,1,0,0.5517241379310345,0.4482758620689655,0.08625,0.0775,0.0,4.59375,4.0,17,17,,False,12,1.0,11,0.0002441248943796381,0.45937500000000003,1.7000000000000002,,elevated
normal_noise_elevated,19,19,random,12,800,0.1,800,123,53,70,61,205,58,20,38,34,4,0,0.3448275862068966,0.6551724137931034,0.07625,0.06625,0.25625,7.45,7.0,20,1,,False,12,1.0,43,0.001788125591701828,0.7450000000000001,0.1,,elevated
normal_noise_elevated,19,19,heuristic,12,800,0.1,800,395,356,39,392,159,58,15,43,43,0,0,0.25862068965517243,0.7413793103448276,0.49,0.445,0.19875,2.2,0.0,22,3,,False,12,1.0,11,0.004915625358989928,0.22000000000000003,0.30000000000000004,,elevated
normal_noise_elevated,19,19,adaptive,12,800,0.1,800,365,332,33,365,59,58,23,35,35,0,0,0.39655172413793105,0.603448275862069,0.45625,0.415,0.07375,4.478260869565218,2.0,35,13,,False,12,1.0,11,1.092059000111476,0.4478260869565218,1.3,,elevated
normal_noise_high,0,0,sequential,12,800,0.1,800,139,54,85,62,0,63,34,29,27,2,0,0.5396825396825397,0.4603174603174603,0.0775,0.0675,0.0,5.794117647058823,5.0,22,2,,False,12,1.0,11,0.000234374929277692,0.5794117647058824,0.2,,high
normal_noise_high,0,0,random,12,800,0.1,800,126,40,86,50,210,63,25,38,36,2,0,0.3968253968253968,0.6031746031746031,0.0625,0.05,0.2625,6.28,5.0,17,8,,False,12,1.0,38,0.0018083754548570141,0.6280000000000001,0.8,,high
normal_noise_high,0,0,heuristic,12,800,0.1,800,372,311,61,367,115,63,21,42,40,2,0,0.3333333333333333,0.6666666666666666,0.45875,0.38875,0.14375,1.0952380952380953,0.0,9,3,,False,12,1.0,14,0.004874750338785816,0.10952380952380954,0.30000000000000004,,high
normal_noise_high,0,0,adaptive,12,800,0.1,800,370,310,60,368,55,63,36,27,25,2,0,0.5714285714285714,0.42857142857142855,0.46,0.3875,0.06875,4.0,3.0,14,2,,False,12,1.0,11,1.171789250402071,0.4,0.2,,high
normal_noise_high,1,1,sequential,12,800,0.1,800,159,53,106,63,0,63,30,33,26,7,0,0.47619047619047616,0.5238095238095238,0.07875,0.06625,0.0,4.833333333333333,5.0,14,5,,False,12,1.0,11,0.0002503748328308575,0.48333333333333334,0.5,,high
normal_noise_high,1,1,random,12,800,0.1,800,147,46,101,61,206,63,26,37,31,6,1,0.4126984126984127,0.5873015873015873,0.07625,0.0575,0.2575,6.115384615384615,3.0,28,8,,False,12,1.0,48,0.0019147503189742567,0.6115384615384616,0.8,,high
normal_noise_high,1,1,heuristic,12,800,0.1,800,274,184,90,205,190,63,20,43,42,1,1,0.31746031746031744,0.6825396825396826,0.25625,0.23,0.2375,5.5,0.0,54,5,,False,12,1.0,11,0.005102875402371865,0.55,0.5,,high
normal_noise_high,1,1,adaptive,12,800,0.1,800,325,261,64,306,87,63,32,31,30,1,0,0.5079365079365079,0.49206349206349204,0.3825,0.32625,0.10875,5.40625,4.0,18,5,,False,12,1.0,11,1.124341875074606,0.540625,0.5,,high
normal_noise_high,2,2,sequential,12,800,0.1,800,145,52,93,58,0,62,35,27,24,3,0,0.5645161290322581,0.43548387096774194,0.0725,0.065,0.0,4.828571428571428,4.0,11,5,,False,12,1.0,11,0.00025012483092723414,0.4828571428571429,0.5,,high
normal_noise_high,2,2,random,12,800,0.1,800,141,49,92,54,195,62,25,37,36,1,0,0.4032258064516129,0.5967741935483871,0.0675,0.06125,0.24375,4.04,2.0,20,6,,False,12,1.0,16,0.0018747489957604557,0.404,0.6000000000000001,,high
normal_noise_high,2,2,heuristic,12,800,0.1,800,252,176,76,200,229,62,27,35,34,1,0,0.43548387096774194,0.5645161290322581,0.25,0.22,0.28625,0.6666666666666666,0.0,13,5,,False,12,1.0,11,0.004980125158908777,0.06666666666666667,0.5,,high
normal_noise_high,2,2,adaptive,12,800,0.1,800,327,277,50,318,76,62,28,34,33,1,0,0.45161290322580644,0.5483870967741935,0.3975,0.34625,0.095,4.0,3.0,16,5,,False,12,1.0,11,1.134663500561146,0.4,0.5,,high
normal_noise_high,3,3,sequential,12,800,0.1,800,154,44,110,54,0,62,31,31,24,7,0,0.5,0.5,0.0675,0.055,0.0,5.354838709677419,5.0,17,17,,False,12,1.0,11,0.00024387478333665055,0.535483870967742,1.7000000000000002,,high
normal_noise_high,3,3,random,12,800,0.1,800,142,39,103,48,187,62,21,41,38,3,0,0.3387096774193548,0.6612903225806451,0.06,0.04875,0.23375,4.285714285714286,4.0,14,3,,False,12,1.0,31,0.0018538747099228203,0.4285714285714286,0.30000000000000004,,high
normal_noise_high,3,3,heuristic,12,800,0.1,800,303,228,75,271,162,62,19,43,42,1,0,0.3064516129032258,0.6935483870967742,0.33875,0.285,0.2025,1.894736842105263,0.0,12,3,,False,12,1.0,12,0.005006124411011115,0.18947368421052632,0.30000000000000004,,high
normal_noise_high,3,3,adaptive,12,800,0.1,800,288,216,72,256,77,62,29,33,32,1,0,0.46774193548387094,0.532258064516129,0.32,0.27,0.09625,3.9655172413793105,3.0,16,25,,False,12,1.0,11,1.1431952504790388,0.39655172413793105,2.5,,high
normal_noise_high,4,4,sequential,12,800,0.1,800,148,48,100,63,0,62,29,33,25,8,0,0.46774193548387094,0.532258064516129,0.07875,0.06,0.0,5.551724137931035,5.0,17,5,,False,12,1.0,11,0.00024437529646093026,0.5551724137931034,0.5,,high
normal_noise_high,4,4,random,12,800,0.1,800,147,40,107,49,184,62,23,39,34,5,1,0.3709677419354839,0.6290322580645161,0.06125,0.05,0.23,8.478260869565217,8.0,29,8,,False,12,1.0,26,0.0018742496831691824,0.8478260869565217,0.8,,high
normal_noise_high,4,4,heuristic,12,800,0.1,800,241,147,94,173,192,62,22,40,37,3,1,0.3548387096774194,0.6451612903225806,0.21625,0.18375,0.24,0.4090909090909091,0.0,2,3,,False,12,1.0,11,0.0049284993292531,0.040909090909090916,0.30000000000000004,,high
normal_noise_high,4,4,adaptive,12,800,0.1,800,341,278,63,336,79,62,27,35,33,2,0,0.43548387096774194,0.5645161290322581,0.42,0.3475,0.09875,3.888888888888889,2.0,14,5,,False,12,1.0,11,1.1272652505431324,0.3888888888888889,0.5,,high
normal_noise_high,5,5,sequential,12,800,0.1,800,135,45,90,52,0,57,28,29,26,3,1,0.49122807017543857,0.5087719298245614,0.065,0.05625,0.0,5.107142857142857,4.0,17,5,,False,12,1.0,11,0.00024424996809102595,0.5107142857142857,0.5,,high
normal_noise_high,5,5,random,12,800,0.1,800,141,29,112,41,179,57,17,40,37,3,0,0.2982456140350877,0.7017543859649122,0.05125,0.03625,0.22375,7.176470588235294,5.0,24,4,,False,12,1.0,29,0.001802749939088244,0.7176470588235295,0.4,,high
normal_noise_high,5,5,heuristic,12,800,0.1,800,114,27,87,32,303,57,3,54,52,2,1,0.05263157894736842,0.9473684210526315,0.04,0.03375,0.37875,36.666666666666664,27.0,75,8,,False,12,1.0,14,0.004749499676108826,3.6666666666666665,0.8,,high
normal_noise_high,5,5,adaptive,12,800,0.1,800,339,260,79,306,74,57,27,30,29,1,1,0.47368421052631576,0.5263157894736842,0.3825,0.325,0.0925,3.4074074074074074,3.0,16,5,,False,12,1.0,11,1.0971752498517162,0.3407407407407408,0.5,,high
normal_noise_high,6,6,sequential,12,800,0.1,800,148,60,88,68,0,69,34,35,32,3,0,0.4927536231884058,0.5072463768115942,0.085,0.075,0.0,4.735294117647059,4.5,18,2,,False,12,1.0,11,0.00024462460714858025,0.4735294117647059,0.2,,high
normal_noise_high,6,6,random,12,800,0.1,800,168,54,114,62,183,69,27,42,40,2,1,0.391304347826087,0.6086956521739131,0.0775,0.0675,0.22875,3.962962962962963,1.0,20,0,,False,12,1.0,22,0.0017586242756806314,0.3962962962962963,0.0,,high
normal_noise_high,6,6,heuristic,12,800,0.1,800,396,342,54,399,132,69,22,47,47,0,0,0.3188405797101449,0.6811594202898551,0.49875,0.4275,0.165,1.3636363636363635,0.0,15,2,,False,12,1.0,12,0.004802999974344857,0.13636363636363635,0.2,,high
normal_noise_high,6,6,adaptive,12,800,0.1,800,381,322,59,364,70,69,30,39,37,2,1,0.43478260869565216,0.5652173913043478,0.455,0.4025,0.0875,2.8333333333333335,1.5,16,2,,False,12,1.0,11,1.1010434997660923,0.2833333333333334,0.2,,high
normal_noise_high,7,7,sequential,12,800,0.1,800,156,56,100,64,0,58,33,25,22,3,0,0.5689655172413793,0.43103448275862066,0.08,0.07,0.0,4.333333333333333,4.0,16,2,,False,12,1.0,11,0.00024612494598841295,0.43333333333333335,0.2,,high
normal_noise_high,7,7,random,12,800,0.1,800,150,55,95,60,203,58,25,33,32,1,0,0.43103448275862066,0.5689655172413793,0.075,0.06875,0.25375,6.12,4.0,24,7,,False,12,1.0,22,0.0018887500846176408,0.6120000000000001,0.7000000000000001,,high
normal_noise_high,7,7,heuristic,12,800,0.1,800,303,221,82,265,149,58,24,34,33,1,0,0.41379310344827586,0.5862068965517241,0.33125,0.27625,0.18625,3.625,0.0,42,2,,False,12,1.0,12,0.00498962530400604,0.36250000000000004,0.2,,high
normal_noise_high,7,7,adaptive,12,800,0.1,800,360,295,65,348,74,58,26,32,30,2,0,0.4482758620689655,0.5517241379310345,0.435,0.36875,0.0925,2.576923076923077,2.0,11,2,,False,12,1.0,11,1.0973596258554608,0.2576923076923077,0.2,,high
normal_noise_high,8,8,sequential,12,800,0.1,800,171,51,120,62,0,65,34,31,27,4,0,0.5230769230769231,0.47692307692307695,0.0775,0.06375,0.0,6.176470588235294,5.0,21,2,,False,12,1.0,11,0.00026912486646324396,0.6176470588235294,0.2,,high
normal_noise_high,8,8,random,12,800,0.1,800,130,45,85,53,211,65,26,39,36,3,0,0.4,0.6,0.06625,0.05625,0.26375,7.923076923076923,5.0,28,2,,False,12,1.0,17,0.0017877497884910554,0.7923076923076924,0.2,,high
normal_noise_high,8,8,heuristic,12,800,0.1,800,376,312,64,366,126,65,24,41,39,2,0,0.36923076923076925,0.6307692307692307,0.4575,0.39,0.1575,0.75,0.0,5,2,,False,12,1.0,11,0.004838000240852125,0.07500000000000001,0.2,,high
normal_noise_high,8,8,adaptive,12,800,0.1,800,375,310,65,367,57,65,32,33,33,0,0,0.49230769230769234,0.5076923076923077,0.45875,0.3875,0.07125,2.375,2.0,10,2,,False,12,1.0,11,1.1073401248359005,0.23750000000000002,0.2,,high
normal_noise_high,9,9,sequential,12,800,0.1,800,150,52,98,58,0,62,30,32,28,4,1,0.4838709677419355,0.5161290322580645,0.0725,0.065,0.0,4.5,3.5,17,17,,False,12,1.0,11,0.0002461248732288368,0.45,1.7000000000000002,,high
normal_noise_high,9,9,random,12,800,0.1,800,155,53,102,63,195,62,25,37,34,3,1,0.4032258064516129,0.5967741935483871,0.07875,0.06625,0.24375,5.28,5.0,21,0,,False,12,1.0,46,0.001930000362335704,0.528,0.0,,high
normal_noise_high,9,9,heuristic,12,800,0.1,800,362,300,62,347,169,62,16,46,45,1,0,0.25806451612903225,0.7419354838709677,0.43375,0.375,0.21125,0.5625,0.0,6,10,,False,12,1.0,13,0.005030749744037166,0.05625,1.0,,high
normal_noise_high,9,9,adaptive,12,800,0.1,800,343,267,76,313,64,62,24,38,36,2,0,0.3870967741935484,0.6129032258064516,0.39125,0.33375,0.08,4.208333333333333,2.5,16,12,,False,12,1.0,11,1.142300250903645,0.42083333333333334,1.2000000000000002,,high
normal_noise_high,10,10,sequential,12,800,0.1,800,151,48,103,58,0,51,28,23,21,2,0,0.5490196078431373,0.45098039215686275,0.0725,0.06,0.0,4.071428571428571,4.0,17,2,,False,12,1.0,11,0.0002542497531976551,0.40714285714285714,0.2,,high
normal_noise_high,10,10,random,12,800,0.1,800,143,48,95,57,192,51,25,26,23,3,0,0.49019607843137253,0.5098039215686274,0.07125,0.06,0.24,4.68,2.0,31,3,,False,12,1.0,44,0.0018347506193094887,0.46799999999999997,0.30000000000000004,,high
normal_noise_high,10,10,heuristic,12,800,0.1,800,322,258,64,293,177,51,17,34,34,0,0,0.3333333333333333,0.6666666666666666,0.36625,0.3225,0.22125,1.2352941176470589,0.0,8,2,,False,12,1.0,11,0.004926000292471144,0.12352941176470589,0.2,,high
normal_noise_high,10,10,adaptive,12,800,0.1,800,348,269,79,321,57,51,27,24,22,2,0,0.5294117647058824,0.47058823529411764,0.40125,0.33625,0.07125,3.0,2.0,13,2,,False,12,1.0,11,1.1498273750112276,0.30000000000000004,0.2,,high
normal_noise_high,11,11,sequential,12,800,0.1,800,153,51,102,56,0,64,36,28,28,0,0,0.5625,0.4375,0.07,0.06375,0.0,4.25,4.0,17,2,,False,12,1.0,11,0.0002448747181915678,0.42500000000000004,0.2,,high
normal_noise_high,11,11,random,12,800,0.1,800,136,44,92,48,200,64,27,37,37,0,0,0.421875,0.578125,0.06,0.055,0.25,4.555555555555555,2.0,20,3,,False,12,1.0,32,0.0017912504335981794,0.45555555555555555,0.30000000000000004,,high
normal_noise_high,11,11,heuristic,12,800,0.1,800,246,180,66,206,229,64,28,36,36,0,0,0.4375,0.5625,0.2575,0.225,0.28625,1.25,0.0,21,2,,False,12,1.0,12,0.004950124603055883,0.125,0.2,,high
normal_noise_high,11,11,adaptive,12,800,0.1,800,332,266,66,298,73,64,34,30,30,0,0,0.53125,0.46875,0.3725,0.3325,0.09125,2.4705882352941178,1.0,13,2,,False,12,1.0,11,1.1572642497048946,0.24705882352941178,0.2,,high
normal_noise_high,12,12,sequential,12,800,0.1,800,159,51,108,63,0,57,32,25,20,5,0,0.5614035087719298,0.43859649122807015,0.07875,0.06375,0.0,4.4375,4.5,11,5,,False,12,1.0,11,0.0002613749529700726,0.44375000000000003,0.5,,high
normal_noise_high,12,12,random,12,800,0.1,800,140,48,92,54,200,57,25,32,31,1,0,0.43859649122807015,0.5614035087719298,0.0675,0.06,0.25,4.2,4.0,24,10,,False,12,1.0,20,0.001781874852895271,0.42000000000000004,1.0,,high
normal_noise_high,12,12,heuristic,12,800,0.1,800,323,258,65,294,142,57,18,39,39,0,0,0.3157894736842105,0.6842105263157895,0.3675,0.3225,0.1775,4.055555555555555,0.0,62,5,,False,12,1.0,12,0.004948250643792562,0.40555555555555556,0.5,,high
normal_noise_high,12,12,adaptive,12,800,0.1,800,344,277,67,328,69,57,28,29,29,0,0,0.49122807017543857,0.5087719298245614,0.41,0.34625,0.08625,3.9285714285714284,2.0,24,5,,False,12,1.0,11,1.14932887510804,0.39285714285714285,0.5,,high
normal_noise_high,13,13,sequential,12,800,0.1,800,141,51,90,62,0,61,31,30,24,6,0,0.5081967213114754,0.4918032786885246,0.0775,0.06375,0.0,5.580645161290323,5.0,17,5,,False,12,1.0,11,0.00025949993869289756,0.5580645161290323,0.5,,high
normal_noise_high,13,13,random,12,800,0.1,800,149,39,110,44,192,61,21,40,38,2,0,0.3442622950819672,0.6557377049180327,0.055,0.04875,0.24,4.190476190476191,2.0,20,23,,False,12,1.0,33,0.0019055001394008286,0.4190476190476191,2.3000000000000003,,high
normal_noise_high,13,13,heuristic,12,800,0.1,800,345,281,64,325,116,61,18,43,43,0,0,0.29508196721311475,0.7049180327868853,0.40625,0.35125,0.145,0.8333333333333334,0.0,7,7,,False,12,1.0,12,0.005250124777376186,0.08333333333333334,0.7000000000000001,,high
normal_noise_high,13,13,adaptive,12,800,0.1,800,379,305,74,355,62,61,30,31,31,0,0,0.4918032786885246,0.5081967213114754,0.44375,0.38125,0.0775,2.533333333333333,2.0,10,5,,False,12,1.0,11,1.1670813749879017,0.25333333333333335,0.5,,high
normal_noise_high,14,14,sequential,12,800,0.1,800,149,60,89,69,0,57,31,26,22,4,0,0.543859649122807,0.45614035087719296,0.08625,0.075,0.0,5.064516129032258,4.0,21,2,,False,12,1.0,11,0.0002674999268492684,0.5064516129032258,0.2,,high
normal_noise_high,14,14,random,12,800,0.1,800,163,66,97,69,182,57,28,29,27,2,0,0.49122807017543857,0.5087719298245614,0.08625,0.0825,0.2275,4.071428571428571,3.5,17,17,,False,12,1.0,39,0.00200700007553678,0.40714285714285714,1.7000000000000002,,high
normal_noise_high,14,14,heuristic,12,800,0.1,800,414,359,55,420,100,57,19,38,36,2,0,0.3333333333333333,0.6666666666666666,0.525,0.44875,0.125,1.4210526315789473,0.0,9,2,,False,12,1.0,12,0.0050743750398396514,0.14210526315789473,0.2,,high
normal_noise_high,14,14,adaptive,12,800,0.1,800,385,332,53,390,58,57,32,25,23,2,0,0.5614035087719298,0.43859649122807015,0.4875,0.415,0.0725,2.90625,2.0,13,2,,False,12,1.0,11,1.1599298749570153,0.290625,0.2,,high
normal_noise_high,15,15,sequential,12,800,0.1,800,149,50,99,62,0,57,31,26,21,5,0,0.543859649122807,0.45614035087719296,0.0775,0.0625,0.0,4.612903225806452,3.0,20,2,,False,12,1.0,11,0.0002613749893498607,0.46129032258064523,0.2,,high
normal_noise_high,15,15,random,12,800,0.1,800,143,38,105,53,177,57,21,36,33,3,0,0.3684210526315789,0.631578947368421,0.06625,0.0475,0.22125,6.380952380952381,5.0,28,6,,False,12,1.0,38,0.0019120003344141878,0.6380952380952382,0.6000000000000001,,high
normal_noise_high,15,15,heuristic,12,800,0.1,800,281,208,73,249,172,57,9,48,46,2,0,0.15789473684210525,0.8421052631578947,0.31125,0.26,0.215,1.0,0.0,6,2,,False,12,1.0,11,0.005130125755385961,0.1,0.2,,high
normal_noise_high,15,15,adaptive,12,800,0.1,800,333,257,76,308,66,57,25,32,32,0,0,0.43859649122807015,0.5614035087719298,0.385,0.32125,0.0825,3.4,2.0,21,2,,False,12,1.0,11,1.1736278741591377,0.34,0.2,,high
normal_noise_high,16,16,sequential,12,800,0.1,800,151,52,99,60,0,59,34,25,24,1,0,0.576271186440678,0.423728813559322,0.075,0.065,0.0,5.0588235294117645,4.0,17,2,,False,12,1.0,11,0.0002614998447825201,0.5058823529411764,0.2,,high
normal_noise_high,16,16,random,12,800,0.1,800,139,48,91,50,194,59,25,34,33,1,0,0.423728813559322,0.576271186440678,0.0625,0.06,0.2425,7.16,3.0,46,3,,False,12,1.0,29,0.001911624312924687,0.7160000000000001,0.30000000000000004,,high
normal_noise_high,16,16,heuristic,12,800,0.1,800,271,196,75,218,187,59,25,34,34,0,0,0.423728813559322,0.576271186440678,0.2725,0.245,0.23375,3.8,1.0,53,3,,False,12,1.0,12,0.004987874963262584,0.38,0.30000000000000004,,high
normal_noise_high,16,16,adaptive,12,800,0.1,800,341,273,68,324,70,59,32,27,26,1,0,0.5423728813559322,0.4576271186440678,0.405,0.34125,0.0875,3.09375,1.0,17,2,,False,12,1.0,11,1.137734874500893,0.309375,0.2,,high
normal_noise_high,17,17,sequential,12,800,0.1,800,156,62,94,74,0,71,42,29,26,3,0,0.5915492957746479,0.4084507042253521,0.0925,0.0775,0.0,5.023809523809524,4.0,23,17,,False,12,1.0,11,0.0002406247949693352,0.5023809523809524,1.7000000000000002,,high
normal_noise_high,17,17,random,12,800,0.1,800,150,56,94,64,198,71,28,43,42,1,0,0.39436619718309857,0.6056338028169014,0.08,0.07,0.2475,6.678571428571429,5.5,21,4,,False,12,1.0,27,0.0017943757484317757,0.6678571428571429,0.4,,high
normal_noise_high,17,17,heuristic,12,800,0.1,800,382,341,41,393,128,71,24,47,46,1,0,0.3380281690140845,0.6619718309859155,0.49125,0.42625,0.16,2.0,0.0,36,30,,False,12,1.0,13,0.005062999989604577,0.2,3.0,,high
normal_noise_high,17,17,adaptive,12,800,0.1,800,363,314,49,368,61,71,30,41,39,2,0,0.4225352112676056,0.5774647887323944,0.46,0.3925,0.07625,2.8333333333333335,2.5,9,29,,False,12,1.0,11,1.1460342492136988,0.2833333333333334,2.9000000000000004,,high
normal_noise_high,18,18,sequential,12,800,0.1,800,179,56,123,59,0,58,34,24,23,1,0,0.5862068965517241,0.41379310344827586,0.07375,0.07,0.0,4.5,5.0,10,2,,False,12,1.0,11,0.0002446251892251894,0.45,0.2,,high
normal_noise_high,18,18,random,12,800,0.1,800,143,36,107,41,191,58,22,36,36,0,0,0.3793103448275862,0.6206896551724138,0.05125,0.045,0.23875,6.318181818181818,5.0,20,2,,False,12,1.0,19,0.001900500174087938,0.6318181818181818,0.2,,high
normal_noise_high,18,18,heuristic,12,800,0.1,800,340,284,56,331,170,58,21,37,37,0,0,0.3620689655172414,0.6379310344827587,0.41375,0.355,0.2125,2.380952380952381,1.0,14,2,,False,12,1.0,11,0.004995375020371284,0.2380952380952381,0.2,,high
normal_noise_high,18,18,adaptive,12,800,0.1,800,343,280,63,314,77,58,27,31,30,1,0,0.46551724137931033,0.5344827586206896,0.3925,0.35,0.09625,3.1481481481481484,2.0,16,2,,False,12,1.0,11,1.1202451255667256,0.3148148148148149,0.2,,high
normal_noise_high,19,19,sequential,12,800,0.1,800,149,56,93,69,0,58,30,28,25,3,0,0.5172413793103449,0.4827586206896552,0.08625,0.07,0.0,4.8,4.5,17,17,,False,12,1.0,11,0.00024000011762836945,0.48,1.7000000000000002,,high
normal_noise_high,19,19,random,12,800,0.1,800,144,49,95,61,190,58,19,39,34,5,0,0.3275862068965517,0.6724137931034483,0.07625,0.06125,0.2375,8.0,8.0,20,1,,False,12,1.0,43,0.0017917494551511481,0.8,0.1,,high
normal_noise_high,19,19,heuristic,12,800,0.1,800,253,178,75,219,205,58,24,34,34,0,0,0.41379310344827586,0.5862068965517241,0.27375,0.2225,0.25625,4.0,1.0,37,3,,False,12,1.0,11,0.004988748587493319,0.4,0.30000000000000004,,high
normal_noise_high,19,19,adaptive,12,800,0.1,800,358,307,51,365,69,58,22,36,34,2,0,0.3793103448275862,0.6206896551724138,0.45625,0.38375,0.08625,6.0,3.5,34,13,,False,12,1.0,11,1.1345259999870905,0.6000000000000001,1.3,,high
