scenario,world_seed,agent_seed,strategy,n_channels,n_slots,slot_duration_s,total_scans,total_detections,true_positive_scans,false_positive_scans,on_target_scans,redundant_scans,n_activity_intervals,n_detected_intervals,n_missed_intervals,n_missed_never_scanned,n_missed_detector,n_censored_intervals,detection_rate,missed_detection_rate,on_target_scan_rate,scan_efficiency,redundant_scan_rate,mean_detection_delay_slots,median_detection_delay_slots,max_detection_delay_slots,time_to_first_detection_slots,emerging_discovery_delay_slots,emerging_discovery_censored,channels_covered,channel_coverage,coverage_time_slots,mean_decision_latency_ms,mean_detection_delay_s,time_to_first_detection_s,emerging_discovery_delay_s,predictor
normal,0,0,adaptive,12,800,0.1,800,293,280,13,287,75,63,31,32,32,0,0,0.49206349206349204,0.5079365079365079,0.35875,0.35,0.09375,3.7419354838709675,2.0,17,2,,False,12,1.0,11,0.3361298753588926,0.3741935483870968,0.2,,decaying_beta
normal,1,1,adaptive,12,800,0.1,800,266,251,15,256,89,63,30,33,33,0,1,0.47619047619047616,0.5238095238095238,0.32,0.31375,0.11125,3.566666666666667,2.0,12,2,,False,12,1.0,11,0.3306506245280616,0.3566666666666667,0.2,,decaying_beta
normal,2,2,adaptive,12,800,0.1,800,260,249,11,252,71,62,32,30,30,0,0,0.5161290322580645,0.4838709677419355,0.315,0.31125,0.08875,3.34375,2.0,15,5,,False,12,1.0,11,0.3274814997348585,0.33437500000000003,0.5,,decaying_beta
normal,3,3,adaptive,12,800,0.1,800,208,186,22,193,69,62,34,28,28,0,0,0.5483870967741935,0.45161290322580644,0.24125,0.2325,0.08625,3.823529411764706,2.0,21,2,,False,12,1.0,11,0.3469778752696584,0.3823529411764706,0.2,,decaying_beta
normal,4,4,adaptive,12,800,0.1,800,259,250,9,256,71,62,26,36,35,1,0,0.41935483870967744,0.5806451612903226,0.32,0.3125,0.08875,3.3076923076923075,2.0,13,5,,False,12,1.0,11,0.3491077498620143,0.33076923076923076,0.5,,decaying_beta
normal,5,5,adaptive,12,800,0.1,800,245,237,8,240,77,57,23,34,34,0,1,0.40350877192982454,0.5964912280701754,0.3,0.29625,0.09625,3.6956521739130435,4.0,13,5,,False,12,1.0,11,0.3335857504498563,0.3695652173913044,0.5,,decaying_beta
normal,6,6,adaptive,12,800,0.1,800,330,316,14,324,64,69,29,40,40,0,0,0.42028985507246375,0.5797101449275363,0.405,0.395,0.08,3.0,2.0,14,2,,False,12,1.0,11,0.3253896248861565,0.30000000000000004,0.2,,decaying_beta
normal,7,7,adaptive,12,800,0.1,800,279,268,11,279,67,58,29,29,29,0,0,0.5,0.5,0.34875,0.335,0.08375,2.9655172413793105,2.0,10,2,,False,12,1.0,11,0.3285836250142893,0.29655172413793107,0.2,,decaying_beta
normal,8,8,adaptive,12,800,0.1,800,308,297,11,302,82,65,43,22,22,0,0,0.6615384615384615,0.3384615384615385,0.3775,0.37125,0.1025,2.7209302325581395,2.0,14,2,,False,12,1.0,11,0.33363449980242876,0.27209302325581397,0.2,,decaying_beta
normal,9,9,adaptive,12,800,0.1,800,278,259,19,266,82,62,31,31,29,2,0,0.5,0.5,0.3325,0.32375,0.1025,3.129032258064516,3.0,8,17,,False,12,1.0,11,0.336738750920631,0.31290322580645163,1.7000000000000002,,decaying_beta
emerging_signal,0,0,adaptive,12,800,0.1,800,449,443,6,458,45,48,30,18,18,0,1,0.625,0.375,0.5725,0.55375,0.05625,4.366666666666666,3.0,26,1,8.0,False,12,1.0,11,0.32732950006902684,0.43666666666666665,0.1,0.8,decaying_beta
emerging_signal,1,1,adaptive,12,800,0.1,800,496,488,8,505,17,38,22,16,16,0,0,0.5789473684210527,0.42105263157894735,0.63125,0.61,0.02125,9.136363636363637,6.0,59,8,59.0,False,12,1.0,11,0.32908050019614166,0.9136363636363637,0.8,5.9,decaying_beta
emerging_signal,2,2,adaptive,12,800,0.1,800,424,415,9,433,31,56,39,17,17,0,0,0.6964285714285714,0.30357142857142855,0.54125,0.51875,0.03875,3.641025641025641,1.0,20,1,8.0,False,12,1.0,11,0.33119825060566654,0.36410256410256414,0.1,0.8,decaying_beta
emerging_signal,3,3,adaptive,12,800,0.1,800,363,354,9,368,27,53,39,14,14,0,0,0.7358490566037735,0.2641509433962264,0.46,0.4425,0.03375,4.923076923076923,1.0,35,8,6.0,False,12,1.0,11,0.34308175036130706,0.49230769230769234,0.8,0.6000000000000001,decaying_beta
emerging_signal,4,4,adaptive,12,800,0.1,800,415,410,5,426,33,56,37,19,19,0,0,0.6607142857142857,0.3392857142857143,0.5325,0.5125,0.04125,3.972972972972973,2.0,35,1,9.0,False,12,1.0,11,0.3471344997524284,0.3972972972972973,0.1,0.9,decaying_beta
emerging_signal,5,5,adaptive,12,800,0.1,800,484,480,4,494,24,51,28,23,23,0,0,0.5490196078431373,0.45098039215686275,0.6175,0.6,0.03,3.4285714285714284,1.5,26,1,10.0,False,12,1.0,11,0.331314124596247,0.34285714285714286,0.1,1.0,decaying_beta
emerging_signal,6,6,adaptive,12,800,0.1,800,412,403,9,419,37,46,29,17,17,0,0,0.6304347826086957,0.3695652173913043,0.52375,0.50375,0.04625,3.1724137931034484,2.0,17,1,40.0,False,12,1.0,11,0.3354593751282664,0.31724137931034485,0.1,4.0,decaying_beta
emerging_signal,7,7,adaptive,12,800,0.1,800,424,415,9,429,34,65,47,18,17,1,0,0.7230769230769231,0.27692307692307694,0.53625,0.51875,0.0425,3.872340425531915,2.0,32,1,13.0,False,12,1.0,11,0.332560125279997,0.3872340425531915,0.1,1.3,decaying_beta
emerging_signal,8,8,adaptive,12,800,0.1,800,404,394,10,409,25,55,31,24,24,0,1,0.5636363636363636,0.43636363636363634,0.51125,0.4925,0.03125,4.225806451612903,1.0,23,1,14.0,False,12,1.0,11,0.33259700030612294,0.42258064516129035,0.1,1.4000000000000001,decaying_beta
emerging_signal,9,9,adaptive,12,800,0.1,800,401,391,10,405,48,56,41,15,15,0,1,0.7321428571428571,0.26785714285714285,0.50625,0.48875,0.06,4.390243902439025,3.0,23,8,10.0,False,12,1.0,11,0.33868650050862925,0.4390243902439025,0.8,1.0,decaying_beta
high_activity,0,0,adaptive,12,800,0.1,800,566,556,10,573,5,207,70,137,137,0,1,0.33816425120772947,0.6618357487922706,0.71625,0.695,0.00625,8.471428571428572,5.0,43,0,,False,12,1.0,11,0.34819124994101003,0.8471428571428572,0.0,,decaying_beta
high_activity,1,1,adaptive,12,800,0.1,800,568,565,3,586,7,189,80,109,105,4,2,0.42328042328042326,0.5767195767195767,0.7325,0.70625,0.00875,7.4375,4.0,35,0,,False,12,1.0,11,0.3421451255780994,0.74375,0.0,,decaying_beta
high_activity,2,2,adaptive,12,800,0.1,800,579,577,2,593,6,214,81,133,131,2,2,0.37850467289719625,0.6214953271028038,0.74125,0.72125,0.0075,7.938271604938271,4.0,33,0,,False,12,1.0,11,0.3374297503614798,0.7938271604938272,0.0,,decaying_beta
high_activity,3,3,adaptive,12,800,0.1,800,567,559,8,581,6,197,89,108,105,3,0,0.4517766497461929,0.5482233502538071,0.72625,0.69875,0.0075,8.719101123595506,5.0,38,1,,False,12,1.0,11,0.3337757498593419,0.8719101123595506,0.1,,decaying_beta
high_activity,4,4,adaptive,12,800,0.1,800,566,559,7,580,7,204,89,115,111,4,2,0.4362745098039216,0.5637254901960784,0.725,0.69875,0.00875,7.123595505617978,5.0,34,0,,False,12,1.0,11,0.3332540009068907,0.7123595505617978,0.0,,decaying_beta
high_activity,5,5,adaptive,12,800,0.1,800,556,552,4,575,10,190,84,106,103,3,1,0.4421052631578947,0.5578947368421052,0.71875,0.69,0.0125,7.666666666666667,5.5,35,0,,False,12,1.0,11,0.3362920005019987,0.7666666666666667,0.0,,decaying_beta
high_activity,6,6,adaptive,12,800,0.1,800,576,569,7,577,11,186,91,95,95,0,2,0.489247311827957,0.510752688172043,0.72125,0.71125,0.01375,8.725274725274724,6.0,36,1,,False,12,1.0,11,0.3357300000061514,0.8725274725274725,0.1,,decaying_beta
high_activity,7,7,adaptive,12,800,0.1,800,567,562,5,577,9,221,107,114,114,0,2,0.4841628959276018,0.5158371040723982,0.72125,0.7025,0.01125,6.663551401869159,4.0,33,1,,False,12,1.0,11,0.3465314997083624,0.666355140186916,0.1,,decaying_beta
high_activity,8,8,adaptive,12,800,0.1,800,573,571,2,589,9,213,86,127,124,3,0,0.40375586854460094,0.596244131455399,0.73625,0.71375,0.01125,6.116279069767442,4.0,33,1,,False,12,1.0,11,0.3519710002365173,0.6116279069767443,0.1,,decaying_beta
high_activity,9,9,adaptive,12,800,0.1,800,556,552,4,571,15,188,87,101,98,3,1,0.4627659574468085,0.5372340425531915,0.71375,0.69,0.01875,8.885057471264368,5.0,35,0,,False,12,1.0,11,0.3505616248367005,0.8885057471264368,0.0,,decaying_beta
normal,0,0,adaptive,12,800,0.1,800,361,351,10,362,94,63,34,29,28,1,1,0.5396825396825397,0.4603174603174603,0.4525,0.43875,0.1175,3.411764705882353,2.5,11,2,,False,12,1.0,11,1.12289850050729,0.3411764705882353,0.2,,logistic_regression
normal,1,1,adaptive,12,800,0.1,800,320,309,11,318,118,63,32,31,31,0,0,0.5079365079365079,0.49206349206349204,0.3975,0.38625,0.1475,3.40625,2.0,11,2,,False,12,1.0,11,1.118412499781698,0.340625,0.2,,logistic_regression
normal,2,2,adaptive,12,800,0.1,800,318,310,8,317,116,62,26,36,36,0,0,0.41935483870967744,0.5806451612903226,0.39625,0.3875,0.145,3.6923076923076925,2.0,18,5,,False,12,1.0,11,1.1726448750778218,0.36923076923076925,0.5,,logistic_regression
normal,3,3,adaptive,12,800,0.1,800,280,263,17,273,104,62,32,30,30,0,0,0.5161290322580645,0.4838709677419355,0.34125,0.32875,0.13,3.03125,2.0,14,2,,False,12,1.0,11,1.1627920005776105,0.30312500000000003,0.2,,logistic_regression
normal,4,4,adaptive,12,800,0.1,800,308,300,8,308,119,62,28,34,32,2,0,0.45161290322580644,0.5483870967741935,0.385,0.375,0.14875,4.821428571428571,3.0,22,5,,False,12,1.0,11,1.1737642501248047,0.48214285714285715,0.5,,logistic_regression
normal,5,5,adaptive,12,800,0.1,800,307,298,9,303,95,57,31,26,26,0,0,0.543859649122807,0.45614035087719296,0.37875,0.3725,0.11875,3.6774193548387095,3.0,13,5,,False,12,1.0,11,1.1403679988870863,0.36774193548387096,0.5,,logistic_regression
normal,6,6,adaptive,12,800,0.1,800,374,361,13,372,86,69,33,36,36,0,0,0.4782608695652174,0.5217391304347826,0.465,0.45125,0.1075,2.3636363636363638,2.0,13,2,,False,12,1.0,11,1.101173124734487,0.2363636363636364,0.2,,logistic_regression
normal,7,7,adaptive,12,800,0.1,800,338,330,8,346,91,58,28,30,30,0,0,0.4827586206896552,0.5172413793103449,0.4325,0.4125,0.11375,2.0357142857142856,1.0,11,2,,False,12,1.0,11,1.144823499089398,0.20357142857142857,0.2,,logistic_regression
normal,8,8,adaptive,12,800,0.1,800,360,354,6,363,96,65,34,31,31,0,0,0.5230769230769231,0.47692307692307695,0.45375,0.4425,0.12,2.2941176470588234,2.0,10,2,,False,12,1.0,11,1.146272874866554,0.22941176470588234,0.2,,logistic_regression
normal,9,9,adaptive,12,800,0.1,800,337,329,8,339,102,62,30,32,31,1,0,0.4838709677419355,0.5161290322580645,0.42375,0.41125,0.1275,3.066666666666667,1.0,17,12,,False,12,1.0,11,1.1351308751181932,0.3066666666666667,1.2000000000000002,,logistic_regression
emerging_signal,0,0,adaptive,12,800,0.1,800,484,479,5,493,30,48,24,24,24,0,0,0.5,0.5,0.61625,0.59875,0.0375,6.125,4.0,25,1,34.0,False,12,1.0,11,1.1191233749195817,0.6125,0.1,3.4000000000000004,logistic_regression
emerging_signal,1,1,adaptive,12,800,0.1,800,509,503,6,522,14,38,22,16,16,0,0,0.5789473684210527,0.42105263157894735,0.6525,0.62875,0.0175,7.909090909090909,3.0,29,8,24.0,False,12,1.0,11,1.128071499952057,0.790909090909091,0.8,2.4000000000000004,logistic_regression
emerging_signal,2,2,adaptive,12,800,0.1,800,437,431,6,451,38,56,35,21,21,0,0,0.625,0.375,0.56375,0.53875,0.0475,6.628571428571429,3.0,35,1,28.0,False,12,1.0,11,1.1300961253800779,0.6628571428571429,0.1,2.8000000000000003,logistic_regression
emerging_signal,3,3,adaptive,12,800,0.1,800,407,398,9,415,49,53,36,17,17,0,0,0.6792452830188679,0.32075471698113206,0.51875,0.4975,0.06125,5.888888888888889,4.0,31,8,6.0,False,12,1.0,11,1.1635473746719072,0.5888888888888889,0.8,0.6000000000000001,logistic_regression
emerging_signal,4,4,adaptive,12,800,0.1,800,454,445,9,459,22,56,35,21,21,0,0,0.625,0.375,0.57375,0.55625,0.0275,5.171428571428572,2.0,22,1,11.0,False,12,1.0,11,1.1518282499309862,0.5171428571428572,0.1,1.1,logistic_regression
emerging_signal,5,5,adaptive,12,800,0.1,800,477,472,5,491,30,51,30,21,20,1,0,0.5882352941176471,0.4117647058823529,0.61375,0.59,0.0375,4.4,1.5,19,1,15.0,False,12,1.0,11,1.1351686245689052,0.44000000000000006,0.1,1.5,logistic_regression
emerging_signal,6,6,adaptive,12,800,0.1,800,439,436,3,450,38,46,28,18,18,0,0,0.6086956521739131,0.391304347826087,0.5625,0.545,0.0475,6.571428571428571,4.5,30,1,20.0,False,12,1.0,11,1.132106874974852,0.6571428571428571,0.1,2.0,logistic_regression
emerging_signal,7,7,adaptive,12,800,0.1,800,438,430,8,442,56,65,38,27,27,0,0,0.5846153846153846,0.4153846153846154,0.5525,0.5375,0.07,5.184210526315789,3.0,24,1,57.0,False,12,1.0,11,1.1439081249409355,0.518421052631579,0.1,5.7,logistic_regression
emerging_signal,8,8,adaptive,12,800,0.1,800,424,414,10,425,46,55,33,22,21,1,0,0.6,0.4,0.53125,0.5175,0.0575,6.363636363636363,5.0,34,1,22.0,False,12,1.0,11,1.1697583744171425,0.6363636363636364,0.1,2.2,logistic_regression
emerging_signal,9,9,adaptive,12,800,0.1,800,435,431,4,445,43,56,36,20,19,1,1,0.6428571428571429,0.35714285714285715,0.55625,0.53875,0.05375,7.138888888888889,2.0,33,8,19.0,False,12,1.0,11,1.1438061246371944,0.713888888888889,0.8,1.9000000000000001,logistic_regression
high_activity,0,0,adaptive,12,800,0.1,800,577,570,7,583,4,207,76,131,131,0,2,0.3671497584541063,0.6328502415458938,0.72875,0.7125,0.005,9.828947368421053,5.0,34,0,,False,12,1.0,11,1.1639653747988632,0.9828947368421054,0.0,,logistic_regression
high_activity,1,1,adaptive,12,800,0.1,800,574,571,3,590,1,189,78,111,109,2,2,0.4126984126984127,0.5873015873015873,0.7375,0.71375,0.00125,12.705128205128204,11.0,35,0,,False,12,1.0,11,1.1980073749509756,1.2705128205128204,0.0,,logistic_regression
high_activity,2,2,adaptive,12,800,0.1,800,573,571,2,582,1,214,83,131,131,0,3,0.3878504672897196,0.6121495327102804,0.7275,0.71375,0.00125,11.240963855421686,7.0,35,0,,False,12,1.0,11,1.1653958749957383,1.1240963855421686,0.0,,logistic_regression
high_activity,3,3,adaptive,12,800,0.1,800,575,567,8,581,0,197,76,121,119,2,2,0.38578680203045684,0.6142131979695431,0.72625,0.70875,0.0,12.223684210526315,9.0,38,1,,False,12,1.0,11,1.1529702500774874,1.2223684210526315,0.1,,logistic_regression
high_activity,4,4,adaptive,12,800,0.1,800,575,568,7,587,0,204,94,110,110,0,2,0.46078431372549017,0.5392156862745098,0.73375,0.71,0.0,11.23404255319149,6.0,35,0,,False,12,1.0,11,1.160281749907881,1.123404255319149,0.0,,logistic_regression
high_activity,5,5,adaptive,12,800,0.1,800,564,559,5,580,0,190,79,111,111,0,1,0.41578947368421054,0.5842105263157895,0.725,0.69875,0.0,11.354430379746836,7.0,35,0,,False,12,1.0,11,1.147633624568698,1.1354430379746836,0.0,,logistic_regression
high_activity,6,6,adaptive,12,800,0.1,800,583,579,4,593,0,186,90,96,96,0,4,0.4838709677419355,0.5161290322580645,0.74125,0.72375,0.0,12.9,12.0,36,1,,False,12,1.0,11,1.1373153740350972,1.29,0.1,,logistic_regression
high_activity,7,7,adaptive,12,800,0.1,800,575,571,4,590,1,221,82,139,139,0,2,0.37104072398190047,0.6289592760180995,0.7375,0.71375,0.00125,10.963414634146341,8.0,36,1,,False,12,1.0,11,1.1112009997668792,1.0963414634146342,0.1,,logistic_regression
high_activity,8,8,adaptive,12,800,0.1,800,575,572,3,586,0,213,85,128,128,0,1,0.39906103286384975,0.6009389671361502,0.7325,0.715,0.0,12.729411764705882,8.0,35,1,,False,12,1.0,11,1.1213357499218546,1.2729411764705882,0.1,,logistic_regression
high_activity,9,9,adaptive,12,800,0.1,800,572,569,3,591,1,188,87,101,100,1,1,0.4627659574468085,0.5372340425531915,0.73875,0.71125,0.00125,11.482758620689655,8.0,34,0,,False,12,1.0,11,1.1328553758357884,1.1482758620689655,0.0,,logistic_regression
normal,0,0,adaptive,12,800,0.1,800,373,363,10,373,69,63,35,28,28,0,0,0.5555555555555556,0.4444444444444444,0.46625,0.45375,0.08625,3.8,3.0,14,2,,False,12,1.0,11,3.432547625088773,0.38,0.2,,hist_gradient_boosting
normal,1,1,adaptive,12,800,0.1,800,352,342,10,352,83,63,32,31,31,0,0,0.5079365079365079,0.49206349206349204,0.44,0.4275,0.10375,3.40625,2.0,18,2,,False,12,1.0,11,3.4625059998143115,0.340625,0.2,,hist_gradient_boosting
normal,2,2,adaptive,12,800,0.1,800,364,349,15,354,80,62,33,29,29,0,0,0.532258064516129,0.46774193548387094,0.4425,0.43625,0.1,2.606060606060606,2.0,12,5,,False,12,1.0,11,3.513325874155271,0.2606060606060606,0.5,,hist_gradient_boosting
normal,3,3,adaptive,12,800,0.1,800,291,280,11,289,85,62,32,30,30,0,0,0.5161290322580645,0.4838709677419355,0.36125,0.35,0.10625,3.5,2.0,10,2,,False,12,1.0,11,3.7020236253010808,0.35000000000000003,0.2,,hist_gradient_boosting
normal,4,4,adaptive,12,800,0.1,800,358,347,11,356,83,62,36,26,26,0,0,0.5806451612903226,0.41935483870967744,0.445,0.43375,0.10375,3.9166666666666665,2.5,14,5,,False,12,1.0,11,3.843821250120527,0.39166666666666666,0.5,,hist_gradient_boosting
normal,5,5,adaptive,12,800,0.1,800,322,314,8,320,90,57,29,28,28,0,0,0.5087719298245614,0.49122807017543857,0.4,0.3925,0.1125,3.0344827586206895,2.0,14,5,,False,12,1.0,11,3.7293209998097154,0.30344827586206896,0.5,,hist_gradient_boosting
normal,6,6,adaptive,12,800,0.1,800,366,358,8,365,70,69,30,39,39,0,1,0.43478260869565216,0.5652173913043478,0.45625,0.4475,0.0875,3.7,4.0,10,2,,False,12,1.0,11,3.788897375270608,0.37000000000000005,0.2,,hist_gradient_boosting
normal,7,7,adaptive,12,800,0.1,800,346,333,13,354,69,58,26,32,32,0,0,0.4482758620689655,0.5517241379310345,0.4425,0.41625,0.08625,2.6923076923076925,2.0,10,2,,False,12,1.0,11,3.7648630003241124,0.2692307692307693,0.2,,hist_gradient_boosting
normal,8,8,adaptive,12,800,0.1,800,376,367,9,376,70,65,32,33,33,0,0,0.49230769230769234,0.5076923076923077,0.47,0.45875,0.0875,2.65625,2.5,8,2,,False,12,1.0,11,3.6867078744035098,0.265625,0.2,,hist_gradient_boosting
normal,9,9,adaptive,12,800,0.1,800,351,334,17,347,68,62,33,29,28,1,0,0.532258064516129,0.46774193548387094,0.43375,0.4175,0.085,3.757575757575758,2.0,31,12,,False,12,1.0,11,3.911603499436751,0.3757575757575758,1.2000000000000002,,hist_gradient_boosting
emerging_signal,0,0,adaptive,12,800,0.1,800,478,471,7,485,28,48,30,18,18,0,1,0.625,0.375,0.60625,0.58875,0.035,6.433333333333334,3.0,30,1,4.0,False,12,1.0,11,4.012315624822804,0.6433333333333334,0.1,0.4,hist_gradient_boosting
emerging_signal,1,1,adaptive,12,800,0.1,800,515,510,5,532,5,38,23,15,15,0,0,0.6052631578947368,0.39473684210526316,0.665,0.6375,0.00625,6.3478260869565215,5.0,18,8,15.0,False,12,1.0,11,3.8695616242694086,0.6347826086956522,0.8,1.5,hist_gradient_boosting
emerging_signal,2,2,adaptive,12,800,0.1,800,456,450,6,468,28,56,33,23,23,0,0,0.5892857142857143,0.4107142857142857,0.585,0.5625,0.035,5.666666666666667,3.0,28,1,15.0,False,12,1.0,11,3.8309006253257394,0.5666666666666668,0.1,1.5,hist_gradient_boosting
emerging_signal,3,3,adaptive,12,800,0.1,800,412,400,12,414,39,53,36,17,17,0,0,0.6792452830188679,0.32075471698113206,0.5175,0.5,0.04875,6.888888888888889,5.0,35,8,6.0,False,12,1.0,11,3.8151972498963005,0.688888888888889,0.8,0.6000000000000001,hist_gradient_boosting
emerging_signal,4,4,adaptive,12,800,0.1,800,459,450,9,464,19,56,36,20,20,0,0,0.6428571428571429,0.35714285714285715,0.58,0.5625,0.02375,5.027777777777778,3.0,21,1,19.0,False,12,1.0,11,3.866932000273664,0.5027777777777778,0.1,1.9000000000000001,hist_gradient_boosting
emerging_signal,5,5,adaptive,12,800,0.1,800,483,476,7,495,16,51,34,17,17,0,0,0.6666666666666666,0.3333333333333333,0.61875,0.595,0.02,4.9411764705882355,4.0,18,1,10.0,False,12,1.0,11,3.827959750269656,0.49411764705882355,0.1,1.0,hist_gradient_boosting
emerging_signal,6,6,adaptive,12,800,0.1,800,457,447,10,464,37,46,26,20,20,0,0,0.5652173913043478,0.43478260869565216,0.58,0.55875,0.04625,5.423076923076923,5.0,17,1,22.0,False,12,1.0,11,3.984128875163151,0.5423076923076924,0.1,2.2,hist_gradient_boosting
emerging_signal,7,7,adaptive,12,800,0.1,800,463,459,4,469,39,65,41,24,24,0,1,0.6307692307692307,0.36923076923076925,0.58625,0.57375,0.04875,5.0,3.0,35,1,5.0,False,12,1.0,11,3.8755348742415663,0.5,0.1,0.5,hist_gradient_boosting
emerging_signal,8,8,adaptive,12,800,0.1,800,438,428,10,441,33,55,35,20,20,0,0,0.6363636363636364,0.36363636363636365,0.55125,0.535,0.04125,4.514285714285714,2.0,30,1,15.0,False,12,1.0,11,4.006556874519447,0.45142857142857146,0.1,1.5,hist_gradient_boosting
emerging_signal,9,9,adaptive,12,800,0.1,800,452,448,4,466,33,56,37,19,18,1,1,0.6607142857142857,0.3392857142857143,0.5825,0.56,0.04125,4.648648648648648,4.0,26,8,7.0,False,12,1.0,11,4.025808499609411,0.46486486486486484,0.8,0.7000000000000001,hist_gradient_boosting
high_activity,0,0,adaptive,12,800,0.1,800,590,583,7,602,1,207,91,116,116,0,1,0.4396135265700483,0.5603864734299517,0.7525,0.72875,0.00125,7.538461538461538,5.0,27,0,,False,12,1.0,11,4.001189750633785,0.7538461538461538,0.0,,hist_gradient_boosting
high_activity,1,1,adaptive,12,800,0.1,800,596,594,2,607,0,189,84,105,104,1,2,0.4444444444444444,0.5555555555555556,0.75875,0.7425,0.0,8.535714285714286,7.5,30,0,,False,12,1.0,11,3.9032763745854027,0.8535714285714286,0.0,,hist_gradient_boosting
high_activity,2,2,adaptive,12,800,0.1,800,582,578,4,596,0,214,86,128,128,0,2,0.40186915887850466,0.5981308411214953,0.745,0.7225,0.0,9.290697674418604,7.0,35,0,,False,12,1.0,11,3.8489782502438175,0.9290697674418604,0.0,,hist_gradient_boosting
high_activity,3,3,adaptive,12,800,0.1,800,587,581,6,600,1,197,87,110,109,1,1,0.4416243654822335,0.5583756345177665,0.75,0.72625,0.00125,8.839080459770114,7.0,32,1,,False,12,1.0,11,3.9790693756367546,0.8839080459770114,0.1,,hist_gradient_boosting
high_activity,4,4,adaptive,12,800,0.1,800,578,573,5,592,0,204,90,114,113,1,0,0.4411764705882353,0.5588235294117647,0.74,0.71625,0.0,8.944444444444445,9.0,35,0,,False,12,1.0,11,4.102328874614614,0.8944444444444445,0.0,,hist_gradient_boosting
high_activity,5,5,adaptive,12,800,0.1,800,574,571,3,592,1,190,84,106,106,0,1,0.4421052631578947,0.5578947368421052,0.74,0.71375,0.00125,8.44047619047619,8.0,32,0,,False,12,1.0,11,3.9710026244938494,0.844047619047619,0.0,,hist_gradient_boosting
high_activity,6,6,adaptive,12,800,0.1,800,591,587,4,603,0,186,90,96,95,1,2,0.4838709677419355,0.5161290322580645,0.75375,0.73375,0.0,8.077777777777778,8.0,33,1,,False,12,1.0,11,3.857360750589578,0.8077777777777778,0.1,,hist_gradient_boosting
high_activity,7,7,adaptive,12,800,0.1,800,584,580,4,594,0,221,96,125,124,1,2,0.4343891402714932,0.5656108597285068,0.7425,0.725,0.0,7.895833333333333,6.0,34,1,,False,12,1.0,11,3.976581749739126,0.7895833333333333,0.1,,hist_gradient_boosting
high_activity,8,8,adaptive,12,800,0.1,800,591,588,3,602,0,213,89,124,124,0,1,0.41784037558685444,0.5821596244131455,0.7525,0.735,0.0,8.337078651685394,7.0,34,1,,False,12,1.0,11,3.882286125299288,0.8337078651685395,0.1,,hist_gradient_boosting
high_activity,9,9,adaptive,12,800,0.1,800,590,586,4,602,1,188,75,113,111,2,1,0.39893617021276595,0.601063829787234,0.7525,0.7325,0.00125,7.586666666666667,6.0,35,0,,False,12,1.0,11,3.8404439992882544,0.7586666666666667,0.0,,hist_gradient_boosting
