metric,strategy_a,strategy_b,n,mean_a,mean_b,mean_diff,cohen_d,t_statistic,t_pvalue,wilcoxon_statistic,wilcoxon_pvalue,significant_0_05,note,scenario
detection_rate,sequential,adaptive,30,0.18477761436511198,0.1953097415460513,0.01053212718093932,0.3602833994982898,1.9733534499985879,0.05805267285554579,142.0,0.10255327797730067,False,,bursty
mean_detection_delay_slots,sequential,adaptive,30,1.2469076634994223,1.1951839709486,-0.05172369255082235,-0.16522094492360997,-0.9049523850697985,0.37294775029078614,171.0,0.21293285302817822,False,,bursty
scan_efficiency,sequential,adaptive,30,0.049749999999999996,0.11216666666666668,0.06241666666666667,2.773208442383004,15.18948820556937,2.4288049768882528e-15,0.0,1.7278603148724103e-06,True,,bursty
on_target_scan_rate,sequential,adaptive,30,0.05108333333333334,0.11620833333333333,0.065125,2.800257598341969,15.337642534371371,1.8890504929265617e-15,0.0,1.7289484360195754e-06,True,,bursty
redundant_scan_rate,sequential,adaptive,30,0.0,0.04804166666666666,0.04804166666666666,4.1802563316966665,22.896206890240624,4.078347868925413e-20,0.0,1.711606992411454e-06,True,,bursty
detection_rate,random,adaptive,30,0.1639251342939819,0.1953097415460513,0.0313846072520694,0.9462026234191504,5.182565208172346,1.5270874265151933e-05,45.0,3.049522638320923e-05,True,,bursty
mean_detection_delay_slots,random,adaptive,30,1.022583413036558,1.1951839709486,0.17260055791204182,0.4841858142040169,2.651994924635453,0.012836923871605892,124.0,0.024786051362752914,True,,bursty
scan_efficiency,random,adaptive,30,0.04829166666666667,0.11216666666666668,0.063875,2.65548617117337,14.544696770946794,7.418794696057487e-15,0.0,1.7311263949197288e-06,True,,bursty
on_target_scan_rate,random,adaptive,30,0.049791666666666665,0.11620833333333333,0.06641666666666667,2.747020284639431,15.046049758212787,3.1036035366216802e-15,0.0,1.732216233144114e-06,True,,bursty
redundant_scan_rate,random,adaptive,30,0.3041250000000001,0.04804166666666666,-0.25608333333333333,-12.23749991104732,-67.0275474874808,2.3507762967684776e-33,0.0,1.7289484360195754e-06,True,,bursty
detection_rate,heuristic,adaptive,30,0.1714658638172373,0.1953097415460513,0.023843877728813977,0.6495631711059905,3.557804013393389,0.0013090993861939754,80.0,0.00294638371397811,True,,bursty
mean_detection_delay_slots,heuristic,adaptive,30,0.24478870532808586,1.1951839709486,0.950395265620514,4.317718908817142,23.649120433257398,1.6712591109604575e-20,0.0,1.862645149230957e-09,True,,bursty
scan_efficiency,heuristic,adaptive,30,0.09516666666666665,0.11216666666666668,0.017,0.7354334369449508,4.028134829583027,0.0003706181835035045,74.0,0.0011124473961586145,True,,bursty
on_target_scan_rate,heuristic,adaptive,30,0.09766666666666667,0.11620833333333333,0.018541666666666668,0.7749796839931603,4.244738545312792,0.00020508794917073171,70.0,0.0008291209612085804,True,,bursty
redundant_scan_rate,heuristic,adaptive,30,0.5332500000000001,0.04804166666666666,-0.4852083333333333,-9.504874853078197,-52.0603436329453,3.3744534974428694e-30,0.0,1.7333066441991056e-06,True,,bursty
detection_rate,sequential,adaptive,30,0.7189428567280207,0.5377772809423457,-0.1811655757856751,-4.152369544130002,-22.74346466417445,4.9032129199748117e-20,0.0,1.7333066441991056e-06,True,,changing_distribution
mean_detection_delay_slots,sequential,adaptive,30,5.061102428024841,11.819029923910916,6.757927495886076,4.484253115594587,24.561265849739765,5.866076538793927e-21,0.0,1.862645149230957e-09,True,,changing_distribution
scan_efficiency,sequential,adaptive,30,0.20387499999999997,0.6671666666666667,0.46329166666666666,41.994127570202316,230.01130952949416,7.545755726854903e-49,0.0,1.7256857880058036e-06,True,,changing_distribution
on_target_scan_rate,sequential,adaptive,30,0.21074999999999997,0.6876666666666668,0.4769166666666667,42.92148247691612,235.0906415416967,4.006333406965162e-49,0.0,1.7256857880058036e-06,True,,changing_distribution
redundant_scan_rate,sequential,adaptive,30,0.0,0.007875000000000002,0.007875000000000002,0.9518891998999096,5.2137118703072485,1.4004702668122803e-05,0.0,2.4529123735647505e-06,True,,changing_distribution
detection_rate,random,adaptive,30,0.645689902221324,0.5377772809423457,-0.10791262127897824,-1.722203557699306,-9.432897371675597,2.4398880097544124e-10,2.0,2.1240054136324972e-06,True,,changing_distribution
mean_detection_delay_slots,random,adaptive,30,7.455945953861052,11.819029923910916,4.363083970049865,2.3171058855290885,12.69131161632265,2.2961622496284203e-13,0.0,1.862645149230957e-09,True,,changing_distribution
scan_efficiency,random,adaptive,30,0.205,0.6671666666666667,0.4621666666666666,27.396424584953458,150.05639740168115,1.7887275142262374e-43,0.0,1.7289484360195754e-06,True,,changing_distribution
on_target_scan_rate,random,adaptive,30,0.21049999999999994,0.6876666666666668,0.47716666666666663,28.39873306258495,155.54626702945546,6.317431237015646e-44,0.0,1.732216233144114e-06,True,,changing_distribution
redundant_scan_rate,random,adaptive,30,0.25762499999999994,0.007875000000000002,-0.24975,-14.496594139649625,-79.40111617283296,1.7734919451016297e-35,0.0,1.7202594665136766e-06,True,,changing_distribution
detection_rate,heuristic,adaptive,30,0.3391107842484075,0.5377772809423457,0.1986664966939383,3.531499901740139,19.342821580103514,4.052428016833365e-18,0.0,1.862645149230957e-09,True,,changing_distribution
mean_detection_delay_slots,heuristic,adaptive,30,9.731902874002268,11.819029923910916,2.0871270499086476,0.5354519464257697,2.9327910951744176,0.006498549142263097,107.0,0.008705463260412216,True,,changing_distribution
scan_efficiency,heuristic,adaptive,30,0.473875,0.6671666666666667,0.19329166666666667,2.4756229341276708,13.559545248988513,4.405412128110577e-14,0.0,1.7333066441991056e-06,True,,changing_distribution
on_target_scan_rate,heuristic,adaptive,30,0.4874583333333333,0.6876666666666668,0.20020833333333332,2.529578694155185,13.855073117732566,2.556182253012954e-14,0.0,1.7300371292901245e-06,True,,changing_distribution
redundant_scan_rate,heuristic,adaptive,30,0.3159583333333334,0.007875000000000002,-0.3080833333333333,-4.2885641895930755,-23.48943345948989,2.0150105033244193e-20,0.0,1.7333066441991056e-06,True,,changing_distribution
detection_rate,sequential,adaptive,30,0.5720438885552006,0.39646283132129895,-0.17558105723390166,-3.5511246859410304,-19.450310950033508,3.489432993955553e-18,0.0,1.862645149230957e-09,True,,dynamic
mean_detection_delay_slots,sequential,adaptive,30,4.358839490634414,7.34978145951399,2.9909419688795755,2.2755054150983747,12.463456455745362,3.5888116994586633e-13,0.0,1.862645149230957e-09,True,,dynamic
scan_efficiency,sequential,adaptive,30,0.173375,0.6311666666666667,0.4577916666666667,29.182596461480586,159.83966368523355,2.8708020554266545e-44,0.0,1.7289484360195754e-06,True,,dynamic
on_target_scan_rate,sequential,adaptive,30,0.17854166666666665,0.6516249999999999,0.4730833333333333,32.1471456878052,176.07716852615837,1.7405351860148765e-45,0.0,1.7289484360195754e-06,True,,dynamic
redundant_scan_rate,sequential,adaptive,30,0.0,0.01275,0.01275,1.363536196379318,7.468395327317464,3.1306509807388916e-08,0.0,3.7541662019094623e-06,True,,dynamic
detection_rate,random,adaptive,30,0.48865622999358044,0.39646283132129895,-0.09219339867228145,-1.9971058472948013,-10.938599222888302,8.29930415401325e-12,1.0,3.725290298461914e-09,True,,dynamic
mean_detection_delay_slots,random,adaptive,30,5.789794733260387,7.34978145951399,1.5599867262536022,1.2480115567005217,6.835640816320134,1.6566777117021579e-07,23.0,1.1920928955078125e-06,True,,dynamic
scan_efficiency,random,adaptive,30,0.17187500000000003,0.6311666666666667,0.45929166666666676,23.19797674150472,127.06055149802326,2.2106525033442083e-41,0.0,1.7333066441991056e-06,True,,dynamic
on_target_scan_rate,random,adaptive,30,0.17687499999999998,0.6516249999999999,0.47475000000000006,24.095891254522364,131.97863183293353,7.362512730740834e-42,0.0,1.7333066441991056e-06,True,,dynamic
redundant_scan_rate,random,adaptive,30,0.26487499999999997,0.01275,-0.25212500000000004,-15.44417345088628,-84.5912218107282,2.8489654025777363e-36,0.0,1.7311263949197288e-06,True,,dynamic
detection_rate,heuristic,adaptive,30,0.26677302592571567,0.39646283132129895,0.1296898053955833,2.8218003100798033,15.455636826057805,1.5484849148812652e-15,0.0,1.862645149230957e-09,True,,dynamic
mean_detection_delay_slots,heuristic,adaptive,30,4.581925547680397,7.34978145951399,2.7678559118335917,1.3316938096729694,7.293987392478767,4.932706217759876e-08,11.0,1.0244548320770264e-07,True,,dynamic
scan_efficiency,heuristic,adaptive,30,0.5398333333333334,0.6311666666666667,0.09133333333333334,1.00385077812086,5.498317155459085,6.356494085742551e-06,20.0,1.948542377196912e-05,True,,dynamic
on_target_scan_rate,heuristic,adaptive,30,0.5572083333333333,0.6516249999999999,0.09441666666666668,1.0270476399248094,5.625371600192615,4.4714918951927595e-06,17.5,1.5269342989411445e-05,True,,dynamic
redundant_scan_rate,heuristic,adaptive,30,0.21608333333333332,0.01275,-0.20333333333333334,-2.2948845143486376,-12.569600153780367,2.9126975567626875e-13,0.0,1.7333066441991056e-06,True,,dynamic
detection_rate,sequential,adaptive,30,0.7586163119412371,0.5966607664610521,-0.16195554548018484,-2.480140669392892,-13.584289904124493,4.207726501470435e-14,0.0,1.7333066441991056e-06,True,,emerging_signal
mean_detection_delay_slots,sequential,adaptive,30,4.959298666443511,5.865583228136162,0.9062845616926526,0.807464914436501,4.422667480308505,0.0001257021766992942,55.0,9.90256667137146e-05,True,,emerging_signal
scan_efficiency,sequential,adaptive,30,0.11150000000000003,0.558,0.44650000000000006,15.152037652125099,82.99112814236531,4.945894376549666e-36,0.0,1.7333066441991056e-06,True,,emerging_signal
on_target_scan_rate,sequential,adaptive,30,0.11474999999999999,0.5752083333333332,0.46045833333333336,15.117353913281395,82.80115748093216,5.284330923961799e-36,0.0,1.7333066441991056e-06,True,,emerging_signal
redundant_scan_rate,sequential,adaptive,30,0.0,0.043916666666666666,0.043916666666666666,3.4778562608771177,19.04900325842969,6.12181629488992e-18,0.0,1.712686559944352e-06,True,,emerging_signal
detection_rate,random,adaptive,30,0.6290356346328678,0.5966607664610521,-0.03237486817181563,-0.4438582795607898,-2.431111920508788,0.021465439778675023,121.5,0.03789870093246744,True,,emerging_signal
mean_detection_delay_slots,random,adaptive,30,6.528234181654647,5.865583228136162,-0.6626509535184849,-0.3697066827295031,-2.024966897913545,0.052164104888062855,151.0,0.09610157273709774,False,,emerging_signal
scan_efficiency,random,adaptive,30,0.113125,0.558,0.44487499999999996,14.586378164573318,79.89288353037608,1.4839132704905074e-35,0.0,1.7278603148724103e-06,True,,emerging_signal
on_target_scan_rate,random,adaptive,30,0.11637499999999999,0.5752083333333332,0.4588333333333333,14.553614647033497,79.71343035417831,1.5834545543079728e-35,0.0,1.732216233144114e-06,True,,emerging_signal
redundant_scan_rate,random,adaptive,30,0.28929166666666667,0.043916666666666666,-0.245375,-17.129856396030384,-93.82408754929989,1.4276096211283273e-37,0.0,1.726772765612998e-06,True,,emerging_signal
detection_rate,heuristic,adaptive,30,0.4431361217348391,0.5966607664610521,0.15352464472621305,2.049532331555543,11.225750903291283,4.498354980164872e-12,0.0,1.862645149230957e-09,True,,emerging_signal
mean_detection_delay_slots,heuristic,adaptive,30,3.2316353533915905,5.865583228136162,2.633947874744573,1.323104971455533,7.246944388134244,5.579700244697015e-08,16.0,3.1478703022003174e-07,True,,emerging_signal
scan_efficiency,heuristic,adaptive,30,0.4973333333333333,0.558,0.06066666666666666,0.77246553941144,4.230968008310416,0.00021298207820443567,68.5,0.0007427383173138495,True,,emerging_signal
on_target_scan_rate,heuristic,adaptive,30,0.512375,0.5752083333333332,0.06283333333333332,0.7829623309285456,4.288461303263892,0.00018188950116745762,59.0,0.0006087669009628581,True,,emerging_signal
redundant_scan_rate,heuristic,adaptive,30,0.27341666666666664,0.043916666666666666,-0.22949999999999998,-2.7764911560312675,-15.207468368719208,2.3556008490962e-15,0.0,1.732216233144114e-06,True,,emerging_signal
detection_rate,sequential,adaptive,30,0.6466379268333011,0.4057594361566549,-0.24087849067664607,-7.3500571780900295,-40.25792115392675,5.284412720570933e-27,0.0,1.862645149230957e-09,True,,high_activity
mean_detection_delay_slots,sequential,adaptive,30,4.737319768697793,11.31847346845266,6.581153699754869,6.9740558691690095,38.19847716845164,2.3577539701107026e-26,0.0,1.862645149230957e-09,True,,high_activity
scan_efficiency,sequential,adaptive,30,0.3744166666666666,0.7134166666666667,0.33900000000000013,42.792041213393766,234.38166254266503,4.372877703518162e-49,0.0,1.714847401033251e-06,True,,high_activity
on_target_scan_rate,sequential,adaptive,30,0.38583333333333325,0.7347083333333333,0.34887499999999994,42.80851251105058,234.4718795554452,4.324370650448962e-49,0.0,1.7256857880058036e-06,True,,high_activity
redundant_scan_rate,sequential,adaptive,30,0.0,0.0011666666666666665,0.0011666666666666665,0.8167840291256567,4.473710373620787,0.00010918370764840111,0.0,0.00033207269679993556,True,,high_activity
detection_rate,random,adaptive,30,0.5560898294992735,0.4057594361566549,-0.1503303933426187,-3.8362367925788345,-21.01193427226694,4.2907621529481028e-19,0.0,1.862645149230957e-09,True,,high_activity
mean_detection_delay_slots,random,adaptive,30,6.235116925047462,11.31847346845266,5.0833565434052,4.561381702055355,24.983716516070267,3.655494837459936e-21,0.0,1.862645149230957e-09,True,,high_activity
scan_efficiency,random,adaptive,30,0.37708333333333327,0.7134166666666667,0.3363333333333333,22.294811110189972,122.11370960367844,6.978471668233758e-41,0.0,1.7289484360195754e-06,True,,high_activity
on_target_scan_rate,random,adaptive,30,0.38858333333333334,0.7347083333333333,0.34612500000000007,25.868806302088803,141.68928747385837,9.423204519556645e-43,0.0,1.726772765612998e-06,True,,high_activity
redundant_scan_rate,random,adaptive,30,0.18733333333333332,0.0011666666666666665,-0.1861666666666667,-13.000621787188209,-71.20733814436109,4.109562071108537e-34,0.0,1.7278603148724103e-06,True,,high_activity
detection_rate,heuristic,adaptive,30,0.2034841090480653,0.4057594361566549,0.2022753271085895,5.6728641214019,31.071556449535457,8.182308972333522e-24,0.0,1.7333066441991056e-06,True,,high_activity
mean_detection_delay_slots,heuristic,adaptive,30,10.914125128097652,11.31847346845266,0.40434834035501255,0.14902552543370143,0.8162464192409812,0.4210137231637986,182.0,0.308520769700408,False,,high_activity
scan_efficiency,heuristic,adaptive,30,0.799125,0.7134166666666667,-0.08570833333333332,-2.6491409589633323,-14.509942612350848,7.887512649410009e-15,0.0,1.726772765612998e-06,True,,high_activity
on_target_scan_rate,heuristic,adaptive,30,0.8234583333333333,0.7347083333333333,-0.08874999999999998,-2.6398260313573347,-14.458922652637522,8.631534362722512e-15,0.0,1.7278603148724103e-06,True,,high_activity
redundant_scan_rate,heuristic,adaptive,30,0.037083333333333336,0.0011666666666666665,-0.035916666666666666,-2.392192322147861,-13.102576967310487,1.040141906133975e-13,0.0,1.7245993818153558e-06,True,,high_activity
detection_rate,sequential,adaptive,30,0.3993216088027982,0.39252608219391544,-0.006795526608882723,-0.11012731837252011,-0.6031921647018238,0.5510697067693104,179.5,0.5924530715240979,False,,high_noise
mean_detection_delay_slots,sequential,adaptive,30,6.9804847010579145,5.508605721975287,-1.4718789790826277,-0.9163887285326102,-5.019267780607886,2.4043434560516654e-05,53.0,7.910653948783875e-05,True,,high_noise
scan_efficiency,sequential,adaptive,30,0.04733333333333334,0.14204166666666668,0.09470833333333335,2.679948184316434,14.678680734951238,5.864275161410152e-15,0.0,1.726772765612998e-06,True,,high_noise
on_target_scan_rate,sequential,adaptive,30,0.08504166666666665,0.23825,0.15320833333333334,3.004246568725672,16.454936139985445,3.013371249405234e-16,0.0,1.7333066441991056e-06,True,,high_noise
redundant_scan_rate,sequential,adaptive,30,0.0,0.023125000000000003,0.023125000000000003,4.329500011477794,23.713648190052634,1.5500970315993736e-20,0.0,1.6848019127233959e-06,True,,high_noise
detection_rate,random,adaptive,30,0.30937671251985926,0.39252608219391544,0.08314936967405617,1.090607547078083,5.9735035492004345,1.7129307544417922e-06,10.0,2.6277883435439104e-05,True,,high_noise
mean_detection_delay_slots,random,adaptive,30,7.675982378732379,5.508605721975287,-2.167376656757092,-1.0196896471286778,-5.585070213868597,4.998923110828748e-06,29.0,3.2391399145126343e-06,True,,high_noise
scan_efficiency,random,adaptive,30,0.042708333333333334,0.14204166666666668,0.09933333333333333,2.8070634525556057,15.374919733130376,1.7738271113595568e-15,0.0,1.7333066441991056e-06,True,,high_noise
on_target_scan_rate,random,adaptive,30,0.07341666666666666,0.23825,0.1648333333333333,2.997571293327355,16.41837415085327,3.1947691994045873e-16,0.0,1.732216233144114e-06,True,,high_noise
redundant_scan_rate,random,adaptive,30,0.24120833333333333,0.023125000000000003,-0.21808333333333332,-14.908570440970808,-81.65760330674452,7.89622752672938e-36,0.0,1.7278603148724103e-06,True,,high_noise
detection_rate,heuristic,adaptive,30,0.24914942331167636,0.39252608219391544,0.14337665888223908,1.250166349995304,6.847443105263264,1.605327972181274e-07,0.0,2.5630832507250074e-06,True,,high_noise
mean_detection_delay_slots,heuristic,adaptive,29,3.283971148751309,5.508263901404832,2.224292752653522,0.4869050787521113,2.6220640945109244,0.0139755091894128,57.0,0.00024197623133659363,True,,high_noise
scan_efficiency,heuristic,adaptive,30,0.21358333333333335,0.14204166666666668,-0.07154166666666666,-0.753823532354138,-4.128861530485868,0.000281647163555807,65.5,0.0005925461788552571,True,,high_noise
on_target_scan_rate,heuristic,adaptive,30,0.3551666666666666,0.23825,-0.11691666666666664,-0.7658637901287674,-4.194808738299282,0.00023516662374127036,65.0,0.0005700669077000157,True,,high_noise
redundant_scan_rate,heuristic,adaptive,30,0.218875,0.023125000000000003,-0.19575,-2.128751855133387,-11.659654103875257,1.8167679283319384e-12,0.0,1.7333066441991056e-06,True,,high_noise
detection_rate,sequential,adaptive,30,0.5941937074701849,0.4923877322731622,-0.10180597519702256,-1.519567421606974,-8.323013544641027,3.562424197434366e-09,0.0,2.5630832507250074e-06,True,,normal
mean_detection_delay_slots,sequential,adaptive,30,4.324605014510095,3.185310565109636,-1.1392944494004589,-1.41470936411485,-7.748682310394929,1.5193920362889142e-08,2.0,5.587935447692871e-09,True,,normal
scan_efficiency,sequential,adaptive,30,0.077375,0.406625,0.32925,10.263776378807137,56.217018478613575,3.7148048488655674e-31,0.0,1.7289484360195754e-06,True,,normal
on_target_scan_rate,sequential,adaptive,30,0.079625,0.4194166666666667,0.3397916666666667,10.3474408764738,56.67526780495727,2.9415832478017406e-31,0.0,1.7333066441991056e-06,True,,normal
redundant_scan_rate,sequential,adaptive,30,0.0,0.12275000000000001,0.12275000000000001,8.561987703080556,46.89593802059065,6.745459760233004e-29,0.0,1.7278603148724103e-06,True,,normal
detection_rate,random,adaptive,30,0.43547984977523846,0.4923877322731622,0.05690788249792385,0.8416358327956018,4.609829308267973,7.492929299060923e-05,38.0,0.0002857295449419778,True,,normal
mean_detection_delay_slots,random,adaptive,30,5.393856665640172,3.185310565109636,-2.208546100530536,-1.780068317917891,-9.749835716239064,1.1689093548664496e-10,0.0,1.862645149230957e-09,True,,normal
scan_efficiency,random,adaptive,30,0.06679166666666667,0.406625,0.3398333333333334,10.807947798359102,59.19756809499577,8.408767408155542e-32,0.0,1.732216233144114e-06,True,,normal
on_target_scan_rate,random,adaptive,30,0.06875,0.4194166666666667,0.3506666666666666,10.705575911160915,58.636854176267555,1.1056919063265183e-31,0.0,1.7300371292901245e-06,True,,normal
redundant_scan_rate,random,adaptive,30,0.30687499999999995,0.12275000000000001,-0.184125,-10.126245539187396,-55.463731046490004,5.474240302100254e-31,0.0,1.7300371292901245e-06,True,,normal
detection_rate,heuristic,adaptive,30,0.3571612569587863,0.4923877322731622,0.13522647531437598,1.8737734482147321,10.26307985241447,3.649654477027926e-11,7.0,3.5390257835388184e-08,True,,normal
mean_detection_delay_slots,heuristic,adaptive,30,2.1999829945844795,3.185310565109636,0.9853275705251563,0.692457027559572,3.7927433409735407,0.0007001853240848351,78.0,0.0009517744183540344,True,,normal
scan_efficiency,heuristic,adaptive,30,0.37137500000000007,0.406625,0.03525,0.4875762480233251,2.670565095461088,0.012282838272917608,134.0,0.0426517054438591,True,,normal
on_target_scan_rate,heuristic,adaptive,30,0.3829583333333334,0.4194166666666667,0.036458333333333336,0.4960752703638599,2.717116157987601,0.010990328605417316,130.0,0.034536734223365784,True,,normal
redundant_scan_rate,heuristic,adaptive,30,0.37754166666666666,0.12275000000000001,-0.25479166666666664,-3.2744113289148657,-17.934689473971396,3.079874317159449e-17,0.0,1.7333066441991056e-06,True,,normal
