scenario,variant,detection_rate_mean,detection_rate_std,detection_rate_count,missed_detection_rate_mean,missed_detection_rate_std,missed_detection_rate_count,mean_detection_delay_slots_mean,mean_detection_delay_slots_std,mean_detection_delay_slots_count,time_to_first_detection_slots_mean,time_to_first_detection_slots_std,time_to_first_detection_slots_count,emerging_discovery_delay_slots_mean,emerging_discovery_delay_slots_std,emerging_discovery_delay_slots_count,on_target_scan_rate_mean,on_target_scan_rate_std,on_target_scan_rate_count,scan_efficiency_mean,scan_efficiency_std,scan_efficiency_count,redundant_scan_rate_mean,redundant_scan_rate_std,redundant_scan_rate_count,channel_coverage_mean,channel_coverage_std,channel_coverage_count,coverage_time_slots_mean,coverage_time_slots_std,coverage_time_slots_count
bursty,A_prediction_only,0.20029795117818672,0.017790212884885685,15,0.7997020488218133,0.017790212884885706,15,0.6249305320501378,0.2101729522482232,15,15.066666666666666,15.691065094808694,15,,,0,0.10541666666666667,0.020026024734496523,15,0.10200000000000001,0.020413143524979895,15,0.33425,0.024375228936653812,15,1.0,0.0,15,11.0,0.0,15
bursty,B_prediction_exploration,0.17912115764414618,0.028748830206721546,15,0.8208788423558537,0.028748830206721553,15,0.9139122576723376,0.28841503260860224,15,18.666666666666668,20.43689474129244,15,,,0,0.1,0.016167372345914116,15,0.09691666666666668,0.01638587879271429,15,0.16308333333333333,0.024103879849715557,15,1.0,0.0,15,11.0,0.0,15
bursty,C_prediction_exploration_freshness,0.2040591386486595,0.023525044947226712,15,0.7959408613513406,0.02352504494722674,15,1.0537284652220578,0.20989660805686788,15,14.2,13.607770889143769,15,,,0,0.12325000000000001,0.018094494032321384,15,0.11883333333333333,0.017483836072484885,15,0.060083333333333336,0.011175014647907733,15,1.0,0.0,15,11.0,0.0,15
bursty,D_prediction_exploration_freshness_trend,0.19758683786340703,0.021523830684294105,15,0.802413162136593,0.02152383068429412,15,1.1724848319951313,0.23811086865043782,15,14.2,13.607770889143769,15,,,0,0.11783333333333333,0.01963657908331383,15,0.11416666666666667,0.01890806391337783,15,0.06916666666666667,0.011741891832644508,15,1.0,0.0,15,11.0,0.0,15
bursty,E_full_policy,0.1928791836704658,0.030967178658001956,15,0.8071208163295343,0.030967178658001956,15,1.2690334828692424,0.25278289027792583,15,15.4,16.092589243854718,15,,,0,0.11183333333333333,0.029043020225340273,15,0.10758333333333334,0.028396375942480175,15,0.04733333333333333,0.01243614643268718,15,1.0,0.0,15,11.0,0.0,15
bursty,F_full_policy_no_online_feedback,0.19893767163363485,0.03029965475472324,15,0.8010623283663652,0.030299654754723248,15,1.1932762301909006,0.22973384516383633,15,14.266666666666667,13.672008247649998,15,,,0,0.11474999999999999,0.024266930761252622,15,0.1105,0.02311558688726845,15,0.05708333333333333,0.012639106922940553,15,1.0,0.0,15,11.0,0.0,15
changing_distribution,A_prediction_only,0.5120477284248824,0.053101721949609035,15,0.48795227157511756,0.05310172194960905,15,12.990128137728084,1.6450798918293221,15,0.3333333333333333,0.4879500364742666,15,,,0,0.6824166666666667,0.013802389372168595,15,0.6633333333333333,0.013739173226667647,15,0.015166666666666667,0.008262796713208521,15,1.0,0.0,15,11.0,0.0,15
changing_distribution,B_prediction_exploration,0.5307263489952293,0.05838477836645812,15,0.4692736510047707,0.058384778366458105,15,12.382130885729287,1.2065810989699155,15,0.3333333333333333,0.4879500364742666,15,,,0,0.6855,0.016782484491704004,15,0.6656666666666666,0.015257219212400343,15,0.012750000000000001,0.007679401948440666,15,1.0,0.0,15,11.0,0.0,15
changing_distribution,C_prediction_exploration_freshness,0.538637568324532,0.05538952474371768,15,0.4613624316754679,0.05538952474371764,15,12.494671322855188,1.0600237484562929,15,0.3333333333333333,0.4879500364742666,15,,,0,0.6894166666666667,0.011298177265550826,15,0.6699166666666667,0.011480444034883637,15,0.007583333333333333,0.00712557432940037,15,1.0,0.0,15,11.0,0.0,15
changing_distribution,D_prediction_exploration_freshness_trend,0.5371675213884117,0.05055777474138016,15,0.46283247861158827,0.05055777474138015,15,12.413342804635999,1.1522694511760996,15,0.3333333333333333,0.4879500364742666,15,,,0,0.6886666666666666,0.01095309262698159,15,0.6691666666666667,0.010645114014464685,15,0.007,0.007717096048940394,15,1.0,0.0,15,11.0,0.0,15
changing_distribution,E_full_policy,0.5448907949462554,0.06149024501225379,15,0.45510920505374464,0.06149024501225377,15,11.88117365274812,1.3874427158018832,15,0.3333333333333333,0.4879500364742666,15,,,0,0.6895833333333333,0.01116702202703931,15,0.66925,0.012363540870525028,15,0.00725,0.0075029756001964215,15,1.0,0.0,15,11.0,0.0,15
changing_distribution,F_full_policy_no_online_feedback,0.5334163857358989,0.059107837123368936,15,0.46658361426410105,0.05910783712336894,15,11.72518515627843,1.3976694864404537,15,0.3333333333333333,0.4879500364742666,15,,,0,0.6866666666666668,0.013200604243024357,15,0.6665833333333333,0.014106314020256834,15,0.009833333333333333,0.006778818551368738,15,1.0,0.0,15,11.0,0.0,15
dynamic,A_prediction_only,0.3822561289610949,0.03712945948636068,15,0.6177438710389052,0.03712945948636067,15,7.623764024906293,1.5576270152419396,15,1.3333333333333333,0.816496580927726,15,24.6,21.992855982925782,15,0.6339166666666666,0.028939078045010978,15,0.6129166666666667,0.02844820899877695,15,0.026833333333333334,0.01688899331630205,15,1.0,0.0,15,11.0,0.0,15
dynamic,B_prediction_exploration,0.3746350283540724,0.026819949298650548,15,0.6253649716459275,0.026819949298650538,15,7.480428151374179,1.4947021331989034,15,1.3333333333333333,0.816496580927726,15,24.466666666666665,22.022283087385656,15,0.6355000000000001,0.03153725121639035,15,0.6159166666666667,0.0325770606555039,15,0.025083333333333332,0.01539267760363751,15,1.0,0.0,15,11.0,0.0,15
dynamic,C_prediction_exploration_freshness,0.39687015870962244,0.03573513597902933,15,0.6031298412903775,0.035735135979029345,15,7.024039831558985,0.9028017642415694,15,1.3333333333333333,0.816496580927726,15,24.0,22.219682394541234,15,0.6535,0.022767261896980823,15,0.6331666666666667,0.023255503700865134,15,0.014000000000000002,0.013431373187961301,15,1.0,0.0,15,11.0,0.0,15
dynamic,D_prediction_exploration_freshness_trend,0.3946237127335551,0.04053787285735647,15,0.6053762872664449,0.0405378728573565,15,7.12407100058495,1.0185041481672426,15,1.3333333333333333,0.816496580927726,15,24.0,22.219682394541234,15,0.6517499999999999,0.024584947485344413,15,0.6309166666666666,0.02561505323790979,15,0.015833333333333335,0.014765024631911467,15,1.0,0.0,15,11.0,0.0,15
dynamic,E_full_policy,0.3949009573787249,0.033597416628991156,15,0.6050990426212751,0.03359741662899114,15,7.406402943552971,1.2093449031381835,15,1.3333333333333333,0.816496580927726,15,24.0,22.219682394541234,15,0.6519166666666667,0.02281459954461074,15,0.63025,0.022752550877397706,15,0.013416666666666667,0.011431733193594217,15,1.0,0.0,15,11.0,0.0,15
dynamic,F_full_policy_no_online_feedback,0.4055754582707474,0.030061800028440763,15,0.5944245417292525,0.030061800028440774,15,7.0709095347175,1.1765981759528428,15,1.3333333333333333,0.816496580927726,15,24.0,22.219682394541234,15,0.65425,0.023894298483110973,15,0.6344166666666666,0.0238712444066875,15,0.015166666666666667,0.011600364321044077,15,1.0,0.0,15,11.0,0.0,15
emerging_signal,A_prediction_only,0.5768193220750754,0.07591451541990624,15,0.42318067792492464,0.07591451541990622,15,6.1893102717044,1.274375162728293,15,4.266666666666667,4.479583313955291,15,32.733333333333334,13.651094496500306,15,0.5393333333333333,0.052467818935129425,15,0.5205833333333333,0.05050827961358227,15,0.09000000000000001,0.038559439274227746,15,1.0,0.0,15,11.0,0.0,15
emerging_signal,B_prediction_exploration,0.5406738710657079,0.06288390663698393,15,0.45932612893429225,0.06288390663698384,15,5.616441017829932,1.454924330868638,15,4.266666666666667,4.479583313955291,15,22.2,16.827698255300056,15,0.5525833333333333,0.04208692818215083,15,0.5333333333333333,0.04000465002733464,15,0.06725,0.021050534435020887,15,1.0,0.0,15,11.0,0.0,15
emerging_signal,C_prediction_exploration_freshness,0.576575113193376,0.05933503082451405,15,0.4234248868066241,0.05933503082451405,15,5.430292547146907,1.0356708201268283,15,4.866666666666666,6.26631204670392,15,24.133333333333333,12.872266237739106,15,0.571,0.03692173188942096,15,0.5509166666666666,0.033678716608281735,15,0.04883333333333333,0.01639677305650922,15,1.0,0.0,15,11.0,0.0,15
emerging_signal,D_prediction_exploration_freshness_trend,0.5810629202207315,0.058762848468424674,15,0.4189370797792685,0.0587628484684247,15,6.0219112404695725,1.6079901700091423,15,4.866666666666666,6.26631204670392,15,23.6,11.121407927313623,15,0.5671666666666667,0.04024330763647307,15,0.5483333333333333,0.03845413161280901,15,0.04933333333333333,0.018119559938943118,15,1.0,0.0,15,11.0,0.0,15
emerging_signal,E_full_policy,0.5976226703462778,0.04918941724442046,15,0.40237732965372225,0.04918941724442048,15,5.990761541901892,1.0859667011109957,15,4.133333333333334,4.155317877932646,15,21.733333333333334,13.18260036491103,15,0.5763333333333333,0.03863885750800361,15,0.55675,0.0361970055983325,15,0.043166666666666666,0.015845703188051,15,1.0,0.0,15,11.0,0.0,15
emerging_signal,F_full_policy_no_online_feedback,0.5907594074814703,0.06247601228240366,15,0.40924059251852973,0.062476012282403647,15,5.898562740905659,1.1458209304841256,15,4.133333333333334,4.155317877932646,15,21.0,7.131419413913535,15,0.5699166666666666,0.03798045393294268,15,0.551,0.03527380148819474,15,0.050749999999999997,0.018007934759036483,15,1.0,0.0,15,11.0,0.0,15
high_activity,A_prediction_only,0.40324970895948214,0.030785829122949433,15,0.5967502910405179,0.030785829122949464,15,11.42895213120827,1.0893219591461587,15,0.3333333333333333,0.4879500364742666,15,,,0,0.7660833333333332,0.006745809987018098,15,0.7446666666666667,0.0074322335295720675,15,0.00125,0.0013363062095621218,15,1.0,0.0,15,11.0,0.0,15
high_activity,B_prediction_exploration,0.4050909454680161,0.02864904530928221,15,0.5949090545319838,0.02864904530928219,15,11.134721652894063,0.9645743728451264,15,0.3333333333333333,0.4879500364742666,15,,,0,0.7589166666666666,0.006121293825265881,15,0.7379166666666667,0.008565225930359006,15,0.0005,0.0009209854970162591,15,1.0,0.0,15,11.0,0.0,15
high_activity,C_prediction_exploration_freshness,0.3963866473520353,0.020243903351005652,15,0.6036133526479648,0.020243903351005673,15,11.612436863455958,1.1830890083663876,15,0.3333333333333333,0.4879500364742666,15,,,0,0.7348333333333333,0.004697707140824376,15,0.7155,0.006474538041987481,15,0.00125,0.0018898223650461363,15,1.0,0.0,15,11.0,0.0,15
high_activity,D_prediction_exploration_freshness_trend,0.38861389806727953,0.024207269658242086,15,0.6113861019327204,0.02420726965824211,15,11.930612700341008,1.2989276123813718,15,0.3333333333333333,0.4879500364742666,15,,,0,0.7346666666666667,0.005678646300794234,15,0.7135,0.008440971508067066,15,0.0014166666666666666,0.0015574322579474328,15,1.0,0.0,15,11.0,0.0,15
high_activity,E_full_policy,0.4137847112525489,0.03544855649524377,15,0.5862152887474512,0.03544855649524376,15,11.351535122425837,1.0983521928072053,15,0.3333333333333333,0.4879500364742666,15,,,0,0.7336666666666667,0.005010405838519154,15,0.7123333333333334,0.006595227350859391,15,0.001,0.001433028760552777,15,1.0,0.0,15,11.0,0.0,15
high_activity,F_full_policy_no_online_feedback,0.3841420490327644,0.025152908196660835,15,0.6158579509672356,0.02515290819666086,15,11.553990073207961,1.470970898365006,15,0.3333333333333333,0.4879500364742666,15,,,0,0.7394999999999999,0.005464985949531018,15,0.7191666666666666,0.007435236250129388,15,0.0008333333333333334,0.0012198750911856665,15,1.0,0.0,15,11.0,0.0,15
high_noise,A_prediction_only,0.3480880966152756,0.044752466053574726,15,0.6519119033847244,0.0447524660535747,15,4.060267819899399,1.266202147804433,15,22.266666666666666,46.8286644003842,15,,,0,0.3714166666666667,0.08690597683429956,15,0.22091666666666668,0.052749125472326436,15,0.12441666666666666,0.03426481257722536,15,1.0,0.0,15,11.0,0.0,15
high_noise,B_prediction_exploration,0.3515062876426889,0.041342392424342206,15,0.6484937123573111,0.0413423924243422,15,5.354036597862685,1.7972374805390887,15,14.933333333333334,18.648886089548416,15,,,0,0.36433333333333334,0.07834770638147676,15,0.21591666666666667,0.05249461423621973,15,0.08591666666666667,0.018018261239510263,15,1.0,0.0,15,11.0,0.0,15
high_noise,C_prediction_exploration_freshness,0.3724249044940651,0.053392400256029156,15,0.6275750955059348,0.05339240025602916,15,5.289742835800807,1.3333477297831873,15,9.2,8.495376894018802,15,,,0,0.31808333333333333,0.07961243546678107,15,0.1925,0.05154531640078605,15,0.030416666666666665,0.005253966755382705,15,1.0,0.0,15,11.0,0.0,15
high_noise,D_prediction_exploration_freshness_trend,0.38039831409624814,0.05204067889287602,15,0.619601685903752,0.05204067889287605,15,4.548970812877148,1.0273539859159695,15,9.2,8.495376894018802,15,,,0,0.32975,0.07608911598532718,15,0.19958333333333333,0.046222643131859496,15,0.03425,0.006972522601510264,15,1.0,0.0,15,11.0,0.0,15
high_noise,E_full_policy,0.3933773558595809,0.038658605227645124,15,0.6066226441404191,0.038658605227645144,15,5.338281154165212,0.8125203572452303,15,9.333333333333334,8.26063528053958,15,,,0,0.23775000000000002,0.06653442986261217,15,0.14258333333333334,0.040958021483093195,15,0.023583333333333335,0.0045036360971150964,15,1.0,0.0,15,11.0,0.0,15
high_noise,F_full_policy_no_online_feedback,0.4141938608982522,0.06266115110534257,15,0.5858061391017478,0.06266115110534258,15,5.105791658824268,0.7163750090947661,15,9.333333333333334,8.26063528053958,15,,,0,0.27166666666666667,0.08072863863114561,15,0.16258333333333336,0.05087508043751686,15,0.03133333333333334,0.008575643804791958,15,1.0,0.0,15,11.0,0.0,15
normal,A_prediction_only,0.44159384927312506,0.06582112716886246,15,0.5584061507268748,0.0658211271688625,15,3.580650123061135,0.8689180254842903,15,3.6666666666666665,2.7167908239230307,15,,,0,0.35133333333333333,0.05243079338745595,15,0.3416666666666667,0.050237531028201644,15,0.22325,0.040871641408543546,15,1.0,0.0,15,11.0,0.0,15
normal,B_prediction_exploration,0.43927202370723795,0.05119322720941411,15,0.560727976292762,0.05119322720941411,15,3.564179210755552,0.7488051590085074,15,3.6666666666666665,2.7167908239230307,15,,,0,0.3591666666666667,0.04762592956223182,15,0.3495,0.045532072683517735,15,0.185,0.023556542918809507,15,1.0,0.0,15,11.0,0.0,15
normal,C_prediction_exploration_freshness,0.4671071827756285,0.0397128075432119,15,0.5328928172243715,0.03971280754321193,15,3.269425712218816,0.7401214084426342,15,3.6666666666666665,2.7167908239230307,15,,,0,0.40075000000000005,0.049250634513679115,15,0.39008333333333334,0.04770741057539725,15,0.1355,0.016075991415772782,15,1.0,0.0,15,11.0,0.0,15
normal,D_prediction_exploration_freshness_trend,0.47436846029968915,0.040142687492588536,15,0.5256315397003108,0.040142687492588584,15,3.1048826146620265,0.6560324212927551,15,3.6666666666666665,2.7167908239230307,15,,,0,0.4049166666666667,0.050336959818899706,15,0.39291666666666664,0.049377071987869406,15,0.13633333333333333,0.01786898416917132,15,1.0,0.0,15,11.0,0.0,15
normal,E_full_policy,0.498728829579712,0.038321704493439995,15,0.501271170420288,0.03832170449344001,15,3.17923705285169,0.6904289139462066,15,3.6666666666666665,2.7167908239230307,15,,,0,0.4153333333333334,0.04051693502486984,15,0.40299999999999997,0.0388730764338066,15,0.12533333333333332,0.014130029656559042,15,1.0,0.0,15,11.0,0.0,15
normal,F_full_policy_no_online_feedback,0.4895361927633699,0.032400204992110715,15,0.5104638072366301,0.032400204992110763,15,3.0371521507646833,0.5614897518592461,15,3.6666666666666665,2.7167908239230307,15,,,0,0.40850000000000003,0.042970608726031735,15,0.39775000000000005,0.041455656171039294,15,0.13741666666666666,0.016142962494388645,15,1.0,0.0,15,11.0,0.0,15
