scenario,world_seed,strategy,hot_then_quiet_rate_before,hot_then_quiet_rate_after,hot_then_quiet_scans_before,hot_then_quiet_scans_after,quiet_then_hot_rate_before,quiet_then_hot_rate_after,quiet_then_hot_scans_before,quiet_then_hot_scans_after
changing_distribution,0,sequential,0.7549019607843137,0.030303030303030304,102,99,0.030303030303030304,0.8080808080808081,99,99
changing_distribution,0,random,0.7777777777777778,0.021052631578947368,90,95,0.02586206896551724,0.8,116,100
changing_distribution,0,heuristic,0.8635097493036211,0.023622047244094488,359,381,0.0,1.0,12,3
changing_distribution,0,adaptive,0.9133333333333333,0.027777777777777776,300,36,0.06060606060606061,0.9047619047619048,33,294
changing_distribution,1,sequential,0.8333333333333334,0.010101010101010102,102,99,0.0,0.7272727272727273,99,99
changing_distribution,1,random,0.8604651162790697,0.009345794392523364,86,107,0.0,0.75,116,92
changing_distribution,1,heuristic,0.8661202185792349,0.03943661971830986,366,355,0.0,0.6129032258064516,13,31
changing_distribution,1,adaptive,0.8966666666666666,0.0,300,57,0.0,0.8864468864468864,33,273
changing_distribution,2,sequential,0.7254901960784313,0.010101010101010102,102,99,0.010101010101010102,0.8181818181818182,99,99
changing_distribution,2,random,0.7894736842105263,0.04716981132075472,95,106,0.0392156862745098,0.8095238095238095,102,105
changing_distribution,2,heuristic,0.7945205479452054,0.05305039787798409,365,377,0.0,0.8,14,5
changing_distribution,2,adaptive,0.8766666666666667,0.02857142857142857,300,35,0.0,0.9050847457627119,33,295
changing_distribution,3,sequential,0.8725490196078431,0.030303030303030304,102,99,0.0,0.7676767676767676,99,99
changing_distribution,3,random,0.85,0.02912621359223301,100,103,0.0,0.8222222222222222,93,90
changing_distribution,3,heuristic,0.8695652173913043,0.058823529411764705,368,357,0.0,0.6666666666666666,13,9
changing_distribution,3,adaptive,0.9333333333333333,0.025,300,40,0.0,0.9,33,290
changing_distribution,4,sequential,0.8333333333333334,0.050505050505050504,102,99,0.030303030303030304,0.8585858585858586,99,99
changing_distribution,4,random,0.851063829787234,0.0392156862745098,94,102,0.046296296296296294,0.8648648648648649,108,111
changing_distribution,4,heuristic,0.8356164383561644,0.050724637681159424,365,276,0.0,0.9,13,100
changing_distribution,4,adaptive,0.919732441471572,0.02564102564102564,299,39,0.058823529411764705,0.9278350515463918,34,291
changing_distribution,5,sequential,0.7058823529411765,0.020202020202020204,102,99,0.0707070707070707,0.8282828282828283,99,99
changing_distribution,5,random,0.6923076923076923,0.028846153846153848,104,104,0.0,0.801980198019802,90,101
changing_distribution,5,heuristic,0.7768595041322314,0.03153153153153153,363,222,0.0,0.8709677419354839,15,155
changing_distribution,5,adaptive,0.8966666666666666,0.02857142857142857,300,35,0.030303030303030304,0.9050847457627119,33,295
changing_distribution,6,sequential,0.8431372549019608,0.020202020202020204,102,99,0.030303030303030304,0.8585858585858586,99,99
changing_distribution,6,random,0.8969072164948454,0.0425531914893617,97,94,0.06956521739130435,0.8411214953271028,115,107
changing_distribution,6,heuristic,0.928374655647383,0.014423076923076924,363,208,0.0,0.8497109826589595,12,173
changing_distribution,6,adaptive,0.9364548494983278,0.075,299,40,0.058823529411764705,0.9137931034482759,34,290
changing_distribution,7,sequential,0.8235294117647058,0.04040404040404041,102,99,0.04040404040404041,0.7676767676767676,99,99
changing_distribution,7,random,0.8673469387755102,0.04,98,100,0.01818181818181818,0.7777777777777778,110,117
changing_distribution,7,heuristic,0.7955801104972375,0.030211480362537766,362,331,0.07142857142857142,0.9387755102040817,14,49
changing_distribution,7,adaptive,0.93,0.05263157894736842,300,38,0.030303030303030304,0.8938356164383562,33,292
changing_distribution,8,sequential,0.803921568627451,0.0,102,99,0.04040404040404041,0.8585858585858586,99,99
changing_distribution,8,random,0.8229166666666666,0.046511627906976744,96,86,0.04081632653061224,0.8514851485148515,98,101
changing_distribution,8,heuristic,0.842391304347826,0.04838709677419355,368,372,0.0,0.8333333333333334,12,6
changing_distribution,8,adaptive,0.91,0.022222222222222223,300,45,0.0,0.9017543859649123,33,285
changing_distribution,9,sequential,0.7941176470588235,0.030303030303030304,102,99,0.08080808080808081,0.797979797979798,99,99
changing_distribution,9,random,0.8804347826086957,0.0380952380952381,92,105,0.07142857142857142,0.8068181818181818,112,88
changing_distribution,9,heuristic,0.8048780487804879,0.024822695035460994,369,282,0.16666666666666666,0.8367346938775511,12,98
changing_distribution,9,adaptive,0.8959731543624161,0.0,298,42,0.08571428571428572,0.8784722222222222,35,288
changing_distribution,10,sequential,0.8431372549019608,0.020202020202020204,102,99,0.020202020202020204,0.8383838383838383,99,99
changing_distribution,10,random,0.7653061224489796,0.045454545454545456,98,110,0.027777777777777776,0.7956989247311828,108,93
changing_distribution,10,heuristic,0.8602739726027397,0.055865921787709494,365,358,0.0,0.625,15,24
changing_distribution,10,adaptive,0.9166666666666666,0.027777777777777776,300,36,0.030303030303030304,0.9149659863945578,33,294
changing_distribution,11,sequential,0.7549019607843137,0.010101010101010102,102,99,0.050505050505050504,0.7474747474747475,99,99
changing_distribution,11,random,0.8240740740740741,0.008695652173913044,108,115,0.020202020202020204,0.78125,99,96
changing_distribution,11,heuristic,0.8370786516853933,0.02956989247311828,356,372,0.0625,0.75,16,8
changing_distribution,11,adaptive,0.9233333333333333,0.0,300,40,0.06060606060606061,0.8896551724137931,33,290
changing_distribution,12,sequential,0.8627450980392157,0.010101010101010102,102,99,0.04040404040404041,0.7878787878787878,99,99
changing_distribution,12,random,0.8415841584158416,0.011111111111111112,101,90,0.017857142857142856,0.8695652173913043,112,115
changing_distribution,12,heuristic,0.8337950138504155,0.022935779816513763,361,218,0.0,0.7914110429447853,16,163
changing_distribution,12,adaptive,0.8896321070234113,0.02857142857142857,299,35,0.14705882352941177,0.9288135593220339,34,295
changing_distribution,13,sequential,0.8431372549019608,0.030303030303030304,102,99,0.030303030303030304,0.8282828282828283,99,99
changing_distribution,13,random,0.8461538461538461,0.061946902654867256,78,113,0.044642857142857144,0.8271604938271605,112,81
changing_distribution,13,heuristic,0.7988980716253443,0.043795620437956206,363,137,0.08333333333333333,0.8143459915611815,12,237
changing_distribution,13,adaptive,0.9166666666666666,0.07692307692307693,300,39,0.030303030303030304,0.8969072164948454,33,291
changing_distribution,14,sequential,0.803921568627451,0.010101010101010102,102,99,0.020202020202020204,0.8484848484848485,99,99
changing_distribution,14,random,0.8373983739837398,0.022727272727272728,123,88,0.03669724770642202,0.8461538461538461,109,104
changing_distribution,14,heuristic,0.853185595567867,0.015873015873015872,361,189,0.0625,0.8963730569948186,16,193
changing_distribution,14,adaptive,0.9166666666666666,0.047619047619047616,300,42,0.0,0.9131944444444444,33,288
changing_distribution,15,sequential,0.7450980392156863,0.06060606060606061,102,99,0.020202020202020204,0.8585858585858586,99,99
changing_distribution,15,random,0.7528089887640449,0.03296703296703297,89,91,0.02912621359223301,0.803921568627451,103,102
changing_distribution,15,heuristic,0.8621621621621621,0.05,370,260,0.0,0.8165137614678899,7,109
changing_distribution,15,adaptive,0.88,0.08108108108108109,300,37,0.0,0.9010238907849829,33,293
changing_distribution,16,sequential,0.8137254901960784,0.020202020202020204,102,99,0.050505050505050504,0.797979797979798,99,99
changing_distribution,16,random,0.8073394495412844,0.03669724770642202,109,109,0.033707865168539325,0.7570093457943925,89,107
changing_distribution,16,heuristic,0.8238482384823849,0.033707865168539325,369,178,0.09090909090909091,0.7626262626262627,11,198
changing_distribution,16,adaptive,0.88,0.02857142857142857,300,35,0.030303030303030304,0.9186440677966101,33,295
changing_distribution,17,sequential,0.8235294117647058,0.050505050505050504,102,99,0.010101010101010102,0.7373737373737373,99,99
changing_distribution,17,random,0.8333333333333334,0.058823529411764705,102,102,0.03614457831325301,0.7654320987654321,83,81
changing_distribution,17,heuristic,0.8950276243093923,0.041044776119402986,362,268,0.0,0.5892857142857143,9,112
changing_distribution,17,adaptive,0.92,0.025,300,40,0.0,0.903448275862069,33,290
changing_distribution,18,sequential,0.8235294117647058,0.06060606060606061,102,99,0.04040404040404041,0.8282828282828283,99,99
changing_distribution,18,random,0.7731958762886598,0.05102040816326531,97,98,0.009009009009009009,0.7978723404255319,111,94
changing_distribution,18,heuristic,0.7939560439560439,0.022598870056497175,364,354,0.0,0.7,14,20
changing_distribution,18,adaptive,0.9066666666666666,0.027777777777777776,300,36,0.09090909090909091,0.9115646258503401,33,294
changing_distribution,19,sequential,0.803921568627451,0.0,102,99,0.010101010101010102,0.8383838383838383,99,99
changing_distribution,19,random,0.7912087912087912,0.010416666666666666,91,96,0.0297029702970297,0.8878504672897196,101,107
changing_distribution,19,heuristic,0.825136612021858,0.03713527851458886,366,377,0.0,0.75,11,8
changing_distribution,19,adaptive,0.91,0.020833333333333332,300,48,0.030303030303030304,0.9113475177304965,33,282
